user_id,name,school,company,job_title,bio,skills,interests,years_experience,connections,location
u0001,Susan Robbins,Cornell,Meta,Prompt Engineer,"Prompt Engineer with experience in LangChain, RAG, Vector DB, LLMs.","PyTorch, TensorFlow, GraphQL, Scikit-learn, Docker","Generative AI, Education Tech",9,"u0179, u0035, u0062, u0128, u0075",Seattle
u0002,Theresa Lowe,Carnegie Mellon,Amazon,DevOps Engineer,"DevOps Engineer with experience in LangChain, Transformers.","Streamlit, NLP, Scikit-learn","Open Source, Generative AI",9,"u0197, u0170, u0090, u0228, u0037",San Francisco
u0003,Deborah Murphy,Harvard,Meta,Frontend Developer,"Frontend Developer with experience in Transformers, FastAPI.","GraphQL, Kubernetes, Docker",AI Ethics,9,"u0213, u0071",New York
u0004,Tiffany Chapman,Berkeley,Salesforce,Data Scientist,"Data Scientist with experience in LangChain, GPT-4, RAG.","NLP, Scikit-learn, SQL",AI Ethics,5,"u0259, u0395, u0134",London
u0005,Travis Lutz,Stanford,Salesforce,Software Engineer,"Software Engineer with experience in LLMs, Vector DB.","Kubernetes, Streamlit, SQL, Scikit-learn, Docker","Healthcare AI, Autonomous Agents",10,"u0323, u0263, u0155",Seattle
u0006,Michael Salazar,Oxford,Google,DevOps Engineer,"DevOps Engineer with experience in Vector DB, Transformers, LangChain, GPT-4.","Docker, Python, NLP",Generative AI,6,"u0103, u0320, u0119",Austin
u0007,Betty Miller,Cornell,Salesforce,AI Researcher,"AI Researcher with experience in Vector DB, FastAPI, Qdrant, LLMs.","GraphQL, Python, Docker, Kubernetes, Scikit-learn",Healthcare AI,3,"u0208, u0309, u0011, u0058, u0031",New York
u0008,Jose Snow,Carnegie Mellon,Amazon,DevOps Engineer,"DevOps Engineer with experience in Qdrant, GPT-4, LangGraph, LLMs.","Streamlit, Kubernetes, SQL, Docker",AI Ethics,1,"u0193, u0139, u0314",Bangalore
u0009,Thomas Woodard,Cornell,Apple,Backend Developer,"Backend Developer with experience in Vector DB, LLMs.","Python, TensorFlow, PyTorch, Scikit-learn",Open Source,6,"u0236, u0211, u0092",Toronto
u0010,Eric Brooks,MIT,Apple,NLP Scientist,"NLP Scientist with experience in LLMs, Vector DB.","TensorFlow, Docker, NLP, GraphQL, SQL",Healthcare AI,5,"u0221, u0006",New York
u0011,Diana Livingston,UCLA,Google,Backend Developer,"Backend Developer with experience in LangGraph, LLMs, Transformers, RAG.","Python, Kubernetes, NLP","Healthcare AI, Autonomous Agents",7,"u0022, u0357",Seattle
u0012,James Brown,Berkeley,Salesforce,Data Scientist,"Data Scientist with experience in GPT-4, Vector DB, RAG, LangChain.","TensorFlow, Scikit-learn, Python","AI Ethics, Autonomous Agents",6,"u0021, u0238, u0102, u0255, u0079",San Francisco
u0013,Barbara Coleman,Oxford,Amazon,Cloud Architect,"Cloud Architect with experience in Vector DB, Transformers, FastAPI.","Streamlit, Python, TensorFlow, NLP, GraphQL",Autonomous Agents,3,"u0395, u0250, u0057, u0137, u0311",San Francisco
u0014,Sarah Smith,USF,Google,Backend Developer,"Backend Developer with experience in Transformers, Qdrant.","NLP, GraphQL, Python, TensorFlow",Healthcare AI,9,"u0224, u0095, u0220, u0088",Toronto
u0015,Veronica Dudley,USF,Tesla,Machine Learning Engineer,"Machine Learning Engineer with experience in GPT-4, LangChain.","Python, Docker, GraphQL","Education Tech, Generative AI",4,"u0387, u0300",Austin
u0016,Angela Massey,Cornell,Salesforce,Backend Developer,"Backend Developer with experience in Qdrant, Neo4j, LangChain, Transformers.","Python, TensorFlow, Kubernetes, SQL, GraphQL","Generative AI, Education Tech",10,"u0018, u0107",Seattle
u0017,Jonathan Kane,IIT Delhi,Meta,Cloud Architect,"Cloud Architect with experience in RAG, GPT-4, Neo4j, Vector DB.","GraphQL, Python, TensorFlow","Education Tech, AI Ethics",6,"u0322, u0147",London
u0018,Cheryl Lawson,Stanford,Tesla,Machine Learning Engineer,"Machine Learning Engineer with experience in Transformers, RAG.","PyTorch, Python, Streamlit","Generative AI, Healthcare AI",10,"u0031, u0172",Palo Alto
u0019,Brett Allen,Carnegie Mellon,Tesla,Cloud Architect,"Cloud Architect with experience in Transformers, RAG.","Kubernetes, GraphQL, SQL",Autonomous Agents,7,"u0313, u0213, u0126, u0051",Bangalore
u0020,Kristin Martinez DDS,Harvard,Amazon,DevOps Engineer,"DevOps Engineer with experience in Qdrant, Vector DB, LLMs, LangChain.","TensorFlow, NLP, Docker, PyTorch","Education Tech, Autonomous Agents",4,"u0001, u0189, u0089, u0380, u0372",Austin
u0021,Monica King,MIT,Tesla,Software Engineer,"Software Engineer with experience in FastAPI, RAG.","Kubernetes, Docker, SQL","Open Source, Generative AI",3,"u0191, u0148, u0389, u0261, u0301",Palo Alto
u0022,Scott Wallace,Harvard,Google,Backend Developer,"Backend Developer with experience in Transformers, RAG, GPT-4.","Python, NLP, SQL, GraphQL",Education Tech,4,"u0345, u0377, u0240",Bangalore
u0023,Jessica Delgado,Harvard,Tesla,DevOps Engineer,"DevOps Engineer with experience in FastAPI, Vector DB, GPT-4, RAG.","Python, SQL, Streamlit, GraphQL","Autonomous Agents, Generative AI",9,"u0320, u0097, u0291",San Francisco
u0024,Benjamin Santana,Harvard,Tesla,Frontend Developer,"Frontend Developer with experience in LangChain, RAG.","NLP, Scikit-learn, PyTorch","Education Tech, Generative AI",2,"u0350, u0130",Seattle
u0025,Joy Rhodes,MIT,Microsoft,Cloud Architect,"Cloud Architect with experience in Vector DB, FastAPI, Qdrant.","Streamlit, Docker, Python, Kubernetes, TensorFlow",Autonomous Agents,7,"u0197, u0070",Berlin
u0026,Matthew Bonilla,Berkeley,Google,AI Researcher,"AI Researcher with experience in LangGraph, RAG, Vector DB.","TensorFlow, Docker, Kubernetes, GraphQL","Education Tech, AI Ethics",4,"u0003, u0005, u0154, u0106, u0327",Austin
u0027,Patricia Castillo,IIT Delhi,Nvidia,Backend Developer,"Backend Developer with experience in Neo4j, Vector DB.","PyTorch, Scikit-learn, Streamlit, Docker, TensorFlow","Healthcare AI, Education Tech",10,"u0065, u0184",Austin
u0028,Richard White,USF,Apple,AI Researcher,"AI Researcher with experience in LLMs, RAG, Transformers.","Scikit-learn, TensorFlow, Kubernetes, Streamlit, GraphQL","Generative AI, Healthcare AI",10,"u0210, u0278",Boston
u0029,Kerry Lindsey DDS,Harvard,IBM,DevOps Engineer,"DevOps Engineer with experience in GPT-4, FastAPI, Vector DB, LLMs.","SQL, TensorFlow, PyTorch, GraphQL",Education Tech,8,"u0323, u0304, u0040, u0355",Palo Alto
u0030,Joshua Lee,Cornell,Google,Backend Developer,"Backend Developer with experience in FastAPI, Transformers, Neo4j.","PyTorch, Scikit-learn, TensorFlow, Streamlit, GraphQL",Generative AI,6,"u0043, u0352",Boston
u0031,Karen Miller,Berkeley,Microsoft,Cloud Architect,"Cloud Architect with experience in GPT-4, LangChain, Transformers.","Kubernetes, Streamlit, TensorFlow, PyTorch, SQL",Open Source,4,"u0188, u0233, u0374",New York
u0032,Samantha Merritt,UCLA,Apple,Frontend Developer,"Frontend Developer with experience in Qdrant, Vector DB, FastAPI, Transformers.","Kubernetes, Python, GraphQL","Open Source, Generative AI",10,"u0186, u0104, u0121",Palo Alto
u0033,John Arnold,Stanford,Google,Software Engineer,"Software Engineer with experience in Vector DB, LLMs, LangChain.","Docker, NLP, Python, PyTorch","Education Tech, Generative AI",1,"u0195, u0175, u0269",Toronto
u0034,Jennifer Hart,UCLA,Meta,Machine Learning Engineer,"Machine Learning Engineer with experience in Transformers, LangGraph, FastAPI, LLMs.","Docker, TensorFlow, Kubernetes, Streamlit, GraphQL",Autonomous Agents,9,"u0202, u0286, u0262, u0041, u0044",Berlin
u0035,Kathryn Cervantes,MIT,Meta,AI Researcher,"AI Researcher with experience in RAG, FastAPI, LangGraph, LLMs.","Docker, Python, Kubernetes, Streamlit, Scikit-learn","Education Tech, AI Ethics",5,"u0264, u0033",Toronto
u0036,Amber Scott,UCLA,OpenAI,DevOps Engineer,"DevOps Engineer with experience in FastAPI, GPT-4, LangChain, Neo4j.","Kubernetes, TensorFlow, PyTorch, NLP, SQL","Generative AI, Healthcare AI",8,"u0370, u0195",London
u0037,Michael Benton,IIT Delhi,Salesforce,NLP Scientist,"NLP Scientist with experience in GPT-4, Transformers, Vector DB, FastAPI.","GraphQL, Kubernetes, Streamlit, Python","Education Tech, AI Ethics",6,"u0178, u0389, u0046",Seattle
u0038,Richard Mckinney,Cornell,OpenAI,AI Researcher,"AI Researcher with experience in Neo4j, LLMs, GPT-4, LangChain.","Scikit-learn, NLP, PyTorch","Generative AI, AI Ethics",3,"u0264, u0280, u0092, u0136, u0053",Toronto
u0039,Michael Welch,MIT,Salesforce,Software Engineer,"Software Engineer with experience in Vector DB, Neo4j.","SQL, Kubernetes, GraphQL, Streamlit",AI Ethics,10,"u0159, u0313, u0352, u0140, u0085",Austin
u0040,Alison Jones,Oxford,Google,Frontend Developer,"Frontend Developer with experience in Qdrant, RAG, GPT-4.","Streamlit, PyTorch, TensorFlow","Open Source, Healthcare AI",1,"u0190, u0249, u0386, u0271",New York
u0041,Terri Hobbs,IIT Delhi,OpenAI,Software Engineer,"Software Engineer with experience in LLMs, FastAPI.","Docker, Streamlit, Scikit-learn",Generative AI,4,"u0036, u0112, u0197, u0015",Seattle
u0042,Amanda Perez,IIT Delhi,Amazon,Data Scientist,"Data Scientist with experience in LLMs, FastAPI.","SQL, Streamlit, Scikit-learn, NLP, PyTorch",Open Source,4,"u0224, u0018, u0295, u0313, u0220",Berlin
u0043,Caleb Wang,MIT,Google,Backend Developer,"Backend Developer with experience in Transformers, Neo4j.","Scikit-learn, GraphQL, NLP",AI Ethics,4,"u0150, u0303, u0379, u0337",Austin
u0044,Heather Villanueva,UCLA,Apple,Machine Learning Engineer,"Machine Learning Engineer with experience in FastAPI, Vector DB.","Python, GraphQL, SQL, Docker",Generative AI,2,"u0237, u0345, u0175",Berlin
u0045,Francisco Medina,MIT,Nvidia,Cloud Architect,"Cloud Architect with experience in RAG, LangChain, Transformers, FastAPI.","SQL, TensorFlow, Scikit-learn, Streamlit, Python",Autonomous Agents,9,"u0071, u0128, u0032, u0385, u0286",New York
u0046,Christopher Hamilton,Harvard,Microsoft,DevOps Engineer,"DevOps Engineer with experience in Neo4j, LangChain, RAG.","PyTorch, Docker, NLP",Autonomous Agents,3,"u0297, u0197, u0085, u0087",Boston
u0047,Luis Garcia,Carnegie Mellon,IBM,NLP Scientist,"NLP Scientist with experience in Vector DB, Qdrant, Transformers.","Python, TensorFlow, Streamlit, Scikit-learn",AI Ethics,1,"u0036, u0069",Boston
u0048,Destiny Cardenas,Carnegie Mellon,Amazon,AI Researcher,"AI Researcher with experience in Qdrant, Vector DB, LangGraph.","Streamlit, Scikit-learn, TensorFlow, NLP",AI Ethics,4,"u0240, u0090, u0350, u0132",London
u0049,Tonya Hudson,UCLA,IBM,NLP Scientist,"NLP Scientist with experience in LangChain, Qdrant, RAG.","SQL, NLP, Kubernetes","Generative AI, Autonomous Agents",4,"u0355, u0166, u0132, u0252, u0123",Seattle
u0050,Erin Newman,Carnegie Mellon,Amazon,AI Researcher,"AI Researcher with experience in GPT-4, LangGraph.","Python, TensorFlow, PyTorch, SQL, Streamlit","Open Source, Healthcare AI",9,"u0024, u0039, u0332, u0225",Boston
u0051,Nancy French,Stanford,Microsoft,Data Scientist,"Data Scientist with experience in Qdrant, FastAPI, RAG, LangGraph.","Docker, NLP, PyTorch",Healthcare AI,10,"u0180, u0044",Seattle
u0052,Alex Rios,UCLA,Salesforce,AI Researcher,"AI Researcher with experience in LLMs, LangGraph.","TensorFlow, Python, SQL","Open Source, Education Tech",2,"u0011, u0283, u0348, u0400",New York
u0053,Lawrence Rogers,Stanford,Salesforce,Cloud Architect,"Cloud Architect with experience in RAG, Vector DB, FastAPI.","Docker, Python, GraphQL, Scikit-learn",Education Tech,9,"u0257, u0225, u0124, u0362",New York
u0054,Miguel Graham,USF,Meta,AI Researcher,"AI Researcher with experience in RAG, Transformers, GPT-4, LangChain.","Scikit-learn, GraphQL, Kubernetes, SQL",Autonomous Agents,6,"u0374, u0072, u0091",Seattle
u0055,Alice Schultz,Stanford,Meta,Data Scientist,"Data Scientist with experience in GPT-4, Transformers, LangChain.","SQL, Docker, Python","Healthcare AI, Autonomous Agents",2,"u0142, u0057, u0200, u0076, u0051",Austin
u0056,Brenda Lucas,Carnegie Mellon,OpenAI,Backend Developer,"Backend Developer with experience in FastAPI, Qdrant, Vector DB.","TensorFlow, GraphQL, Scikit-learn, Docker, SQL",AI Ethics,3,"u0047, u0099, u0259, u0254, u0357",Palo Alto
u0057,Erin Rios,Stanford,Meta,Machine Learning Engineer,"Machine Learning Engineer with experience in RAG, LangChain, Vector DB, GPT-4.","TensorFlow, GraphQL, Scikit-learn",Generative AI,7,"u0231, u0304",Seattle
u0058,Brandon Henderson,Carnegie Mellon,Nvidia,Data Scientist,"Data Scientist with experience in RAG, LLMs, LangGraph.","PyTorch, Python, Streamlit","Generative AI, AI Ethics",3,"u0029, u0310, u0120, u0024, u0251",New York
u0059,Jay Osborn,MIT,Microsoft,Frontend Developer,"Frontend Developer with experience in RAG, Transformers, LLMs, GPT-4.","Kubernetes, PyTorch, Python, SQL",Education Tech,10,"u0315, u0162, u0339, u0233, u0380",Palo Alto
u0060,Sonya Carson,Carnegie Mellon,Microsoft,Data Scientist,"Data Scientist with experience in Neo4j, LangGraph.","GraphQL, SQL, TensorFlow, Python",Education Tech,2,"u0098, u0103, u0389, u0179, u0008",Bangalore
u0061,Megan Salazar,Carnegie Mellon,Salesforce,NLP Scientist,"NLP Scientist with experience in GPT-4, Neo4j, Transformers, Vector DB.","Scikit-learn, NLP, TensorFlow",Healthcare AI,9,"u0185, u0362",Palo Alto
u0062,Sarah Moody,Berkeley,Tesla,Data Scientist,"Data Scientist with experience in FastAPI, GPT-4.","PyTorch, NLP, Streamlit, TensorFlow","Education Tech, AI Ethics",1,"u0316, u0245, u0335, u0065",Seattle
u0063,Cynthia Mitchell,IIT Delhi,Microsoft,Machine Learning Engineer,"Machine Learning Engineer with experience in Qdrant, LangChain, LLMs.","Kubernetes, PyTorch, TensorFlow","Autonomous Agents, Education Tech",3,"u0319, u0321, u0253, u0026, u0155",New York
u0064,Gina Schneider,USF,Tesla,Data Scientist,"Data Scientist with experience in GPT-4, RAG, Vector DB.","Docker, Kubernetes, Streamlit, Scikit-learn",Education Tech,3,"u0180, u0044, u0327, u0178",Berlin
u0065,Devin Jones,USF,Microsoft,DevOps Engineer,"DevOps Engineer with experience in Qdrant, LangGraph, Transformers.","TensorFlow, Docker, Scikit-learn, SQL",Open Source,9,"u0066, u0185, u0069, u0206",Toronto
u0066,James Chandler,IIT Delhi,Apple,AI Researcher,"AI Researcher with experience in Qdrant, GPT-4.","Streamlit, NLP, Docker, Scikit-learn","Autonomous Agents, Generative AI",8,"u0078, u0224",San Francisco
u0067,Matthew Torres,Cornell,Nvidia,AI Researcher,"AI Researcher with experience in LangChain, GPT-4, Vector DB, Neo4j.","Python, TensorFlow, Docker, GraphQL, Scikit-learn","Autonomous Agents, AI Ethics",5,"u0254, u0036, u0372, u0209, u0351",London
u0068,Tracey Martin,Oxford,Nvidia,Cloud Architect,"Cloud Architect with experience in LangGraph, Neo4j.","PyTorch, GraphQL, Docker, Streamlit, SQL",Education Tech,6,"u0317, u0105, u0383, u0176",Palo Alto
u0069,April Salinas,Berkeley,Google,Data Scientist,"Data Scientist with experience in Qdrant, Neo4j.","Streamlit, GraphQL, Python","Education Tech, Healthcare AI",2,"u0398, u0116",Toronto
u0070,Richard Williams,Oxford,Tesla,Prompt Engineer,"Prompt Engineer with experience in LangGraph, FastAPI.","Python, NLP, GraphQL","Autonomous Agents, Education Tech",9,"u0005, u0313",London
u0071,Angela Barker,IIT Delhi,Microsoft,Software Engineer,"Software Engineer with experience in FastAPI, GPT-4, LangGraph, Neo4j.","NLP, Docker, TensorFlow, SQL, Python","AI Ethics, Open Source",7,"u0155, u0258, u0070, u0158, u0215",Austin
u0072,Marcus Adams,Carnegie Mellon,Tesla,Data Scientist,"Data Scientist with experience in Vector DB, Qdrant.","SQL, Docker, Scikit-learn","Education Tech, Autonomous Agents",1,"u0286, u0054, u0196, u0168",Boston
u0073,David Roy,Berkeley,Google,Prompt Engineer,"Prompt Engineer with experience in Vector DB, LangGraph, Neo4j, Transformers.","Scikit-learn, TensorFlow, NLP, Python",Education Tech,8,"u0012, u0255, u0371, u0244, u0210",Berlin
u0074,Melissa Rivas,Stanford,Meta,Prompt Engineer,"Prompt Engineer with experience in Transformers, GPT-4.","Python, Streamlit, TensorFlow, GraphQL","Healthcare AI, Open Source",9,"u0274, u0067, u0090",London
u0075,Rachel Roman,Stanford,Microsoft,Backend Developer,"Backend Developer with experience in LLMs, Qdrant.","Docker, Streamlit, PyTorch, NLP","AI Ethics, Healthcare AI",10,"u0220, u0002, u0355, u0288",Toronto
u0076,Megan Cooper,Oxford,Tesla,Cloud Architect,"Cloud Architect with experience in Neo4j, LangChain.","NLP, PyTorch, Streamlit, TensorFlow",Generative AI,1,"u0257, u0329",Seattle
u0077,Howard Jordan,USF,Meta,Prompt Engineer,"Prompt Engineer with experience in LLMs, Transformers, FastAPI, Neo4j.","GraphQL, Scikit-learn, NLP, Python, PyTorch",Open Source,9,"u0043, u0016, u0132, u0033, u0119",San Francisco
u0078,Luis Nguyen,Oxford,Nvidia,Software Engineer,"Software Engineer with experience in Transformers, RAG.","Docker, TensorFlow, NLP, Scikit-learn, SQL","Generative AI, Healthcare AI",7,"u0343, u0357, u0228",Bangalore
u0079,Richard Woodard,Cornell,Apple,NLP Scientist,"NLP Scientist with experience in RAG, Qdrant, LLMs, FastAPI.","Streamlit, Kubernetes, NLP","Education Tech, AI Ethics",2,"u0179, u0130, u0365",New York
u0080,Amanda Oconnor,UCLA,Salesforce,Frontend Developer,"Frontend Developer with experience in Vector DB, RAG.","Docker, Scikit-learn, TensorFlow",Healthcare AI,5,"u0200, u0041, u0358",Palo Alto
u0081,Julia Weber,Harvard,IBM,Cloud Architect,"Cloud Architect with experience in GPT-4, Transformers, RAG, LangChain.","SQL, GraphQL, Scikit-learn, Kubernetes",Autonomous Agents,7,"u0155, u0071",Boston
u0082,Robert Cline,Carnegie Mellon,Microsoft,Data Scientist,"Data Scientist with experience in RAG, Neo4j, Qdrant.","Docker, GraphQL, TensorFlow, Python","Generative AI, Open Source",7,"u0303, u0002, u0140",Bangalore
u0083,Mr. Rick Fernandez,Oxford,OpenAI,NLP Scientist,"NLP Scientist with experience in Qdrant, Neo4j, GPT-4, Transformers.","SQL, Python, Scikit-learn, PyTorch, Docker","AI Ethics, Healthcare AI",7,"u0124, u0158",Berlin
u0084,Cynthia Chang,Stanford,IBM,NLP Scientist,"NLP Scientist with experience in LangChain, GPT-4.","Docker, GraphQL, Scikit-learn, SQL","Open Source, Education Tech",8,"u0218, u0058, u0018, u0160, u0121",Austin
u0085,Leslie Harris,MIT,Meta,Software Engineer,"Software Engineer with experience in Qdrant, RAG.","Python, NLP, PyTorch, SQL",Healthcare AI,6,"u0372, u0035",Seattle
u0086,Lori Yoder,IIT Delhi,Nvidia,Backend Developer,"Backend Developer with experience in FastAPI, LangGraph, LangChain.","PyTorch, TensorFlow, Scikit-learn, Docker","Generative AI, Education Tech",10,"u0234, u0156, u0094",San Francisco
u0087,Julia Spencer,Stanford,Google,Prompt Engineer,"Prompt Engineer with experience in LangGraph, LLMs, FastAPI.","Streamlit, Scikit-learn, Python, Kubernetes, Docker",Healthcare AI,3,"u0042, u0090, u0075, u0396, u0072",New York
u0088,Lisa Edwards,USF,Google,NLP Scientist,"NLP Scientist with experience in Neo4j, LangChain.","Docker, Python, SQL, NLP","Generative AI, Open Source",2,"u0089, u0394",Berlin
u0089,Maria Oconnor,Stanford,Microsoft,Backend Developer,"Backend Developer with experience in GPT-4, LangGraph, FastAPI, Vector DB.","Kubernetes, NLP, TensorFlow, Docker, Streamlit","Education Tech, AI Ethics",9,"u0229, u0226, u0299",Palo Alto
u0090,Amanda Booker,Berkeley,Microsoft,Prompt Engineer,"Prompt Engineer with experience in LangGraph, Vector DB, GPT-4, Transformers.","PyTorch, SQL, TensorFlow, Kubernetes, GraphQL",Healthcare AI,1,"u0257, u0111, u0157, u0040, u0065",Austin
u0091,Reginald Shaw,USF,IBM,Software Engineer,"Software Engineer with experience in LangChain, RAG.","GraphQL, Docker, Python, Scikit-learn",Healthcare AI,7,"u0078, u0023",Toronto
u0092,Andrew Brown,Berkeley,Microsoft,NLP Scientist,"NLP Scientist with experience in LangGraph, RAG, FastAPI, LangChain.","Kubernetes, Python, SQL","Healthcare AI, Open Source",3,"u0193, u0186, u0043, u0352",Austin
u0093,Cody Brown,Berkeley,IBM,DevOps Engineer,"DevOps Engineer with experience in GPT-4, LangGraph, FastAPI, LangChain.","Kubernetes, Scikit-learn, GraphQL, Python, TensorFlow","Education Tech, Generative AI",3,"u0272, u0171, u0291",Bangalore
u0094,Thomas White,Stanford,IBM,Machine Learning Engineer,"Machine Learning Engineer with experience in Neo4j, Transformers, Vector DB, Qdrant.","PyTorch, Docker, SQL, GraphQL","AI Ethics, Healthcare AI",4,"u0265, u0374",New York
u0095,Austin Ramirez,Cornell,Microsoft,Cloud Architect,"Cloud Architect with experience in Qdrant, Transformers, RAG, LangChain.","Docker, GraphQL, Python",Open Source,10,"u0031, u0069",Seattle
u0096,Ryan Cook,IIT Delhi,Tesla,AI Researcher,"AI Researcher with experience in Vector DB, FastAPI, Transformers, LangChain.","TensorFlow, GraphQL, Docker",Education Tech,4,"u0351, u0201, u0140, u0061",Boston
u0097,Joshua Walker,Stanford,Amazon,Software Engineer,"Software Engineer with experience in RAG, Qdrant, Neo4j, Transformers.","Python, PyTorch, TensorFlow, Docker, Streamlit",Open Source,2,"u0057, u0196, u0072, u0073",Bangalore
u0098,Philip Perez,Cornell,OpenAI,Backend Developer,"Backend Developer with experience in Neo4j, LLMs, LangChain, Qdrant.","Python, PyTorch, Scikit-learn, NLP, Streamlit",Open Source,4,"u0368, u0381, u0276",Palo Alto
u0099,Lisa Myers,Cornell,Meta,Software Engineer,"Software Engineer with experience in Vector DB, LangGraph, RAG.","Docker, Streamlit, PyTorch, Python","Open Source, Healthcare AI",6,"u0086, u0083",Austin
u0100,Adam Warner,Harvard,Apple,AI Researcher,"AI Researcher with experience in Vector DB, LLMs, Transformers.","SQL, Streamlit, GraphQL",Education Tech,3,"u0332, u0148, u0071, u0184",San Francisco
u0101,Nicole Bennett,Cornell,Salesforce,Machine Learning Engineer,"Machine Learning Engineer with experience in Vector DB, GPT-4, Qdrant.","Python, GraphQL, PyTorch, NLP, TensorFlow","Education Tech, AI Ethics",2,"u0042, u0038, u0016",Bangalore
u0102,Carol Williams,Stanford,Nvidia,Prompt Engineer,"Prompt Engineer with experience in LangGraph, LangChain, Vector DB.","Kubernetes, SQL, Scikit-learn, NLP",Autonomous Agents,5,"u0108, u0017",Bangalore
u0103,Curtis Evans,Harvard,Google,Frontend Developer,"Frontend Developer with experience in Qdrant, LangGraph, RAG.","Streamlit, NLP, Scikit-learn, Python, Kubernetes",Generative AI,9,"u0080, u0150, u0278, u0363, u0235",Toronto
u0104,Sarah Branch,Berkeley,Apple,Backend Developer,"Backend Developer with experience in LangGraph, Qdrant, GPT-4, Transformers.","GraphQL, NLP, Python","AI Ethics, Healthcare AI",1,"u0048, u0079, u0100",New York
u0105,Samuel Patel,UCLA,Meta,Backend Developer,"Backend Developer with experience in Qdrant, RAG, Transformers, Vector DB.","GraphQL, Scikit-learn, SQL",Autonomous Agents,10,"u0075, u0339",Bangalore
u0106,Miss Cheryl Gibbs,IIT Delhi,Nvidia,Frontend Developer,"Frontend Developer with experience in LangChain, RAG, Qdrant.","PyTorch, Scikit-learn, SQL, Python, TensorFlow",Open Source,2,"u0269, u0057, u0254",Berlin
u0107,Angela Delgado,Carnegie Mellon,Amazon,Software Engineer,"Software Engineer with experience in LangGraph, LLMs, Vector DB, FastAPI.","Streamlit, Python, Kubernetes, TensorFlow",Open Source,9,"u0130, u0278, u0024, u0225, u0230",Seattle
u0108,Victor Hall,Oxford,Microsoft,AI Researcher,"AI Researcher with experience in Vector DB, LangChain, Qdrant, LangGraph.","Python, GraphQL, Kubernetes, Scikit-learn","Education Tech, Healthcare AI",4,"u0123, u0128",Bangalore
u0109,Kim West,Oxford,Microsoft,AI Researcher,"AI Researcher with experience in LLMs, Vector DB, Qdrant, LangChain.","Kubernetes, Python, PyTorch","Open Source, AI Ethics",2,"u0066, u0203",Austin
u0110,Cody Harris,Stanford,Amazon,Machine Learning Engineer,"Machine Learning Engineer with experience in Qdrant, Transformers, LangChain, RAG.","Python, Docker, PyTorch, Kubernetes, TensorFlow",Open Source,1,"u0138, u0047",Berlin
u0111,Diane Lyons,Berkeley,OpenAI,Machine Learning Engineer,"Machine Learning Engineer with experience in LangChain, RAG, LangGraph.","PyTorch, TensorFlow, Docker, Python","Education Tech, Generative AI",9,"u0184, u0075",Austin
u0112,Corey Vazquez,Oxford,Apple,Backend Developer,"Backend Developer with experience in Neo4j, LLMs, Vector DB, LangChain.","Docker, Kubernetes, Python, PyTorch","AI Ethics, Education Tech",9,"u0357, u0120, u0132, u0309, u0208",Toronto
u0113,Jeffrey Hamilton,IIT Delhi,Google,Software Engineer,"Software Engineer with experience in Neo4j, LangGraph, LLMs, LangChain.","PyTorch, NLP, Kubernetes, Streamlit",AI Ethics,8,"u0230, u0355, u0094, u0372",Toronto
u0114,Brandon Jones,Harvard,OpenAI,NLP Scientist,"NLP Scientist with experience in RAG, Qdrant.","PyTorch, TensorFlow, Python",AI Ethics,1,"u0171, u0299, u0121",Palo Alto
u0115,Arthur Gomez,USF,IBM,AI Researcher,"AI Researcher with experience in Vector DB, LLMs, Neo4j, Transformers.","NLP, GraphQL, Scikit-learn, TensorFlow",Education Tech,8,"u0133, u0020, u0397, u0302, u0086",Berlin
u0116,Tiffany Giles,Carnegie Mellon,OpenAI,AI Researcher,"AI Researcher with experience in RAG, Neo4j.","GraphQL, Docker, Python","Education Tech, AI Ethics",4,"u0373, u0337",Austin
u0117,Kevin Leonard,Stanford,Google,Backend Developer,"Backend Developer with experience in LLMs, Qdrant, FastAPI, RAG.","Scikit-learn, Docker, Streamlit","AI Ethics, Autonomous Agents",8,"u0265, u0399, u0027, u0346, u0150",Austin
u0118,Tony Cochran,MIT,Apple,Software Engineer,"Software Engineer with experience in Vector DB, GPT-4, Qdrant.","Python, Kubernetes, SQL, TensorFlow","Autonomous Agents, Open Source",6,"u0343, u0095",Berlin
u0119,Joseph Garcia,Harvard,OpenAI,Prompt Engineer,"Prompt Engineer with experience in Transformers, Qdrant, LLMs, LangGraph.","GraphQL, NLP, TensorFlow, SQL, Python","Autonomous Agents, AI Ethics",9,"u0099, u0132, u0380",Bangalore
u0120,Elizabeth Hall,Berkeley,Microsoft,Machine Learning Engineer,"Machine Learning Engineer with experience in Transformers, LLMs, Vector DB.","Scikit-learn, Streamlit, Python, PyTorch, Docker","Autonomous Agents, Generative AI",1,"u0269, u0171, u0209, u0305, u0136",London
u0121,Michelle Price,Oxford,Nvidia,DevOps Engineer,"DevOps Engineer with experience in LLMs, Vector DB, Qdrant.","PyTorch, TensorFlow, Docker","Autonomous Agents, Healthcare AI",1,"u0369, u0299, u0033, u0185",New York
u0122,Jose Levine,UCLA,Salesforce,Prompt Engineer,"Prompt Engineer with experience in Transformers, Qdrant, Vector DB.","NLP, PyTorch, TensorFlow, GraphQL",Open Source,9,"u0109, u0197, u0006, u0282",San Francisco
u0123,Carol Jackson,Stanford,Amazon,AI Researcher,"AI Researcher with experience in RAG, LLMs.","TensorFlow, Kubernetes, NLP",Healthcare AI,5,"u0353, u0271, u0207, u0378, u0179",San Francisco
u0124,Joseph Long,Carnegie Mellon,Amazon,Software Engineer,"Software Engineer with experience in Transformers, RAG, LLMs, LangChain.","Scikit-learn, Streamlit, SQL","Generative AI, Open Source",7,"u0138, u0210",San Francisco
u0125,Jennifer Bryant,MIT,Apple,DevOps Engineer,"DevOps Engineer with experience in Neo4j, Vector DB, Qdrant, RAG.","SQL, Scikit-learn, PyTorch, TensorFlow, Python","Generative AI, Open Source",4,"u0361, u0084, u0287, u0239",Boston
u0126,Max Guerrero,USF,Tesla,Software Engineer,"Software Engineer with experience in Qdrant, Transformers, LangChain.","SQL, NLP, PyTorch, Scikit-learn, TensorFlow",Generative AI,5,"u0310, u0347, u0363, u0044",Boston
u0127,Joshua Mendoza,USF,Google,AI Researcher,"AI Researcher with experience in LangChain, FastAPI, Vector DB, LLMs.","Docker, GraphQL, PyTorch",Healthcare AI,7,"u0237, u0335",Bangalore
u0128,Kenneth Cook,MIT,IBM,AI Researcher,"AI Researcher with experience in Vector DB, FastAPI, Qdrant, LangChain.","TensorFlow, Streamlit, SQL, Kubernetes","Generative AI, Education Tech",1,"u0181, u0136",Berlin
u0129,Crystal Clark,USF,OpenAI,Cloud Architect,"Cloud Architect with experience in RAG, FastAPI, LangChain.","SQL, GraphQL, TensorFlow, NLP",Healthcare AI,5,"u0284, u0318, u0147, u0178, u0152",Toronto
u0130,Morgan Gonzalez,Oxford,Nvidia,Data Scientist,"Data Scientist with experience in GPT-4, Qdrant.","TensorFlow, Kubernetes, SQL","Autonomous Agents, Open Source",8,"u0191, u0280, u0323, u0393, u0360",London
u0131,David Price,Berkeley,Apple,Prompt Engineer,"Prompt Engineer with experience in Transformers, FastAPI.","NLP, Streamlit, PyTorch, Kubernetes",Open Source,4,"u0085, u0066",Toronto
u0132,Rachel Mcclure,USF,OpenAI,Software Engineer,"Software Engineer with experience in LLMs, LangChain, Vector DB.","NLP, Scikit-learn, GraphQL, Kubernetes, PyTorch","Open Source, Autonomous Agents",5,"u0110, u0339, u0359, u0071, u0246",Berlin
u0133,Joel Frederick,Carnegie Mellon,Apple,Frontend Developer,"Frontend Developer with experience in RAG, Transformers, GPT-4.","SQL, Docker, NLP","AI Ethics, Education Tech",10,"u0367, u0039, u0191, u0017, u0122",Bangalore
u0134,Joseph Cantu,Carnegie Mellon,Tesla,Software Engineer,"Software Engineer with experience in LLMs, Transformers.","Streamlit, SQL, PyTorch",Autonomous Agents,6,"u0154, u0288, u0046, u0054, u0118",San Francisco
u0135,Allison Hoover,USF,IBM,Frontend Developer,"Frontend Developer with experience in LangGraph, Transformers.","Python, TensorFlow, SQL, PyTorch","Generative AI, Education Tech",3,"u0212, u0338, u0255, u0151, u0278",London
u0136,Kyle Mccarthy,USF,Nvidia,Frontend Developer,"Frontend Developer with experience in RAG, LangChain.","Scikit-learn, TensorFlow, Kubernetes, Python, Docker",AI Ethics,2,"u0267, u0396, u0391",London
u0137,Dustin Kane,Oxford,OpenAI,Prompt Engineer,"Prompt Engineer with experience in GPT-4, LLMs, Vector DB, RAG.","TensorFlow, Scikit-learn, SQL, Docker",AI Ethics,9,"u0345, u0174, u0120, u0077",San Francisco
u0138,Erin Hodges,UCLA,Amazon,Prompt Engineer,"Prompt Engineer with experience in LangChain, Qdrant, FastAPI, Vector DB.","NLP, Docker, Kubernetes","Open Source, Healthcare AI",9,"u0368, u0217",Boston
u0139,Sandra Murphy,IIT Delhi,Google,Prompt Engineer,"Prompt Engineer with experience in LangChain, Transformers, Neo4j, LangGraph.","PyTorch, Docker, Kubernetes","Open Source, Generative AI",1,"u0397, u0268, u0334",Bangalore
u0140,Savannah Mata,Stanford,Meta,Cloud Architect,"Cloud Architect with experience in FastAPI, Vector DB, Qdrant.","Streamlit, NLP, Scikit-learn, Docker, PyTorch",Generative AI,8,"u0387, u0386",Palo Alto
u0141,David Jones,Cornell,Meta,Software Engineer,"Software Engineer with experience in Qdrant, Neo4j.","TensorFlow, SQL, PyTorch, Scikit-learn, NLP","Education Tech, Generative AI",4,"u0385, u0221",San Francisco
u0142,Richard Davis,Oxford,Salesforce,Data Scientist,"Data Scientist with experience in Neo4j, RAG, LangChain.","Scikit-learn, SQL, Kubernetes","Open Source, Generative AI",7,"u0281, u0330",Austin
u0143,Randy Smith,IIT Delhi,Apple,AI Researcher,"AI Researcher with experience in LangGraph, LangChain, Neo4j.","TensorFlow, PyTorch, Kubernetes","Education Tech, Autonomous Agents",8,"u0312, u0133, u0284",Palo Alto
u0144,Edwin Fox,Berkeley,Amazon,Backend Developer,"Backend Developer with experience in RAG, LangGraph, LLMs.","Python, Streamlit, NLP, TensorFlow, Docker","Generative AI, Education Tech",7,"u0079, u0094, u0024, u0361",Austin
u0145,Anthony Brown,MIT,IBM,DevOps Engineer,"DevOps Engineer with experience in Qdrant, Neo4j, LLMs, RAG.","SQL, Python, Scikit-learn, TensorFlow","AI Ethics, Open Source",2,"u0257, u0376, u0229, u0088, u0090",London
u0146,Chris Harrell,Berkeley,Salesforce,AI Researcher,"AI Researcher with experience in FastAPI, Neo4j.","PyTorch, NLP, TensorFlow",AI Ethics,7,"u0328, u0148, u0311, u0235",New York
u0147,Frank Mitchell,MIT,OpenAI,Prompt Engineer,"Prompt Engineer with experience in FastAPI, Qdrant.","GraphQL, PyTorch, SQL, Streamlit","Autonomous Agents, AI Ethics",8,"u0069, u0029",Bangalore
u0148,Christopher Davis,USF,Salesforce,Cloud Architect,"Cloud Architect with experience in RAG, Qdrant, Neo4j, Vector DB.","NLP, Kubernetes, Scikit-learn, PyTorch","Healthcare AI, Generative AI",3,"u0264, u0066",New York
u0149,Rebecca Newman,Cornell,Tesla,Backend Developer,"Backend Developer with experience in LLMs, Neo4j.","PyTorch, GraphQL, Python, NLP",Healthcare AI,2,"u0009, u0324, u0044, u0338, u0043",Berlin
u0150,Gregory Kent,Oxford,IBM,DevOps Engineer,"DevOps Engineer with experience in RAG, LLMs, Qdrant, LangChain.","NLP, SQL, PyTorch, Python, TensorFlow","Autonomous Agents, Open Source",4,"u0304, u0230, u0179",London
u0151,Paul Guzman,Stanford,Amazon,DevOps Engineer,"DevOps Engineer with experience in FastAPI, Qdrant.","TensorFlow, Python, Kubernetes, Docker",Autonomous Agents,7,"u0308, u0032",Palo Alto
u0152,Melissa Gray,UCLA,Meta,Frontend Developer,"Frontend Developer with experience in LangChain, Qdrant, LLMs.","Kubernetes, Python, Streamlit, PyTorch, TensorFlow",Generative AI,10,"u0190, u0210, u0350",San Francisco
u0153,Kim King,IIT Delhi,Meta,Machine Learning Engineer,"Machine Learning Engineer with experience in GPT-4, FastAPI, RAG.","NLP, Streamlit, Kubernetes, Scikit-learn, SQL","Generative AI, AI Ethics",4,"u0374, u0361, u0204, u0165",Berlin
u0154,Timothy Martin,Cornell,Salesforce,NLP Scientist,"NLP Scientist with experience in Vector DB, Neo4j, FastAPI, LLMs.","GraphQL, NLP, Scikit-learn, TensorFlow","Education Tech, AI Ethics",5,"u0324, u0349, u0397, u0258, u0130",Toronto
u0155,Raymond Rodriguez,Carnegie Mellon,Nvidia,AI Researcher,"AI Researcher with experience in GPT-4, LangGraph, Transformers, FastAPI.","Docker, Python, Kubernetes, Scikit-learn",Education Tech,9,"u0339, u0236, u0252, u0350",New York
u0156,Ryan Bryant,Oxford,Meta,NLP Scientist,"NLP Scientist with experience in LLMs, Vector DB, Neo4j, GPT-4.","GraphQL, Docker, PyTorch","Open Source, Autonomous Agents",4,"u0051, u0059, u0252",Boston
u0157,Brandon Brewer,UCLA,Apple,Data Scientist,"Data Scientist with experience in RAG, Vector DB, LLMs.","Python, Streamlit, Kubernetes, GraphQL","Healthcare AI, Generative AI",8,"u0345, u0298, u0061, u0176, u0019",Palo Alto
u0158,Sandra Sanchez,Stanford,Meta,AI Researcher,"AI Researcher with experience in LLMs, LangGraph, RAG.","Scikit-learn, NLP, TensorFlow",Education Tech,7,"u0331, u0341",Toronto
u0159,Sarah Miller,Cornell,Salesforce,Backend Developer,"Backend Developer with experience in GPT-4, LangChain.","Python, Streamlit, SQL","Education Tech, Healthcare AI",3,"u0190, u0058, u0079, u0156",Boston
u0160,Joseph Fitzgerald,Harvard,Salesforce,Machine Learning Engineer,"Machine Learning Engineer with experience in GPT-4, LangChain, Transformers.","Kubernetes, Python, NLP, Docker",Autonomous Agents,3,"u0258, u0115, u0304, u0148",Austin
u0161,David Harmon,UCLA,Nvidia,Backend Developer,"Backend Developer with experience in FastAPI, Vector DB, LangChain, LangGraph.","NLP, Python, TensorFlow","Autonomous Agents, Open Source",10,"u0037, u0245, u0364",Berlin
u0162,Lisa Ramirez,Harvard,Meta,Prompt Engineer,"Prompt Engineer with experience in FastAPI, Qdrant, LangGraph, LangChain.","Scikit-learn, Python, Streamlit, Docker","AI Ethics, Healthcare AI",8,"u0215, u0233, u0173, u0293, u0044",New York
u0163,Kenneth Jackson,Stanford,Microsoft,AI Researcher,"AI Researcher with experience in GPT-4, FastAPI, Transformers.","Scikit-learn, PyTorch, Kubernetes","Open Source, Generative AI",8,"u0123, u0208",Bangalore
u0164,Jessica Watts,Stanford,Apple,Backend Developer,"Backend Developer with experience in LangGraph, RAG.","GraphQL, NLP, Kubernetes, TensorFlow, SQL",Healthcare AI,6,"u0175, u0211, u0170, u0092",Austin
u0165,Mallory Willis,Harvard,OpenAI,Prompt Engineer,"Prompt Engineer with experience in LangChain, LLMs.","TensorFlow, Scikit-learn, Streamlit, GraphQL","AI Ethics, Open Source",2,"u0215, u0247, u0298, u0169, u0201",Toronto
u0166,Christopher Adams,IIT Delhi,Salesforce,Prompt Engineer,"Prompt Engineer with experience in RAG, Vector DB, LLMs.","TensorFlow, Kubernetes, PyTorch","Healthcare AI, AI Ethics",4,"u0215, u0064, u0301",Palo Alto
u0167,Elizabeth Daugherty,Harvard,OpenAI,DevOps Engineer,"DevOps Engineer with experience in LangGraph, FastAPI, Neo4j, Qdrant.","Docker, GraphQL, PyTorch, NLP",Healthcare AI,5,"u0075, u0243, u0399, u0092",Boston
u0168,Anthony Maynard,UCLA,Apple,Machine Learning Engineer,"Machine Learning Engineer with experience in Vector DB, Qdrant, Transformers.","Docker, NLP, Scikit-learn, GraphQL",Generative AI,10,"u0031, u0355",London
u0169,Betty Allen,IIT Delhi,Apple,Prompt Engineer,"Prompt Engineer with experience in Vector DB, Neo4j, LangGraph, LangChain.","Streamlit, SQL, Scikit-learn, Docker, Python","Autonomous Agents, Healthcare AI",8,"u0036, u0380",Berlin
u0170,Melanie Hawkins,Stanford,IBM,Data Scientist,"Data Scientist with experience in Vector DB, LangGraph, Qdrant.","NLP, Kubernetes, PyTorch, TensorFlow",Generative AI,3,"u0048, u0394, u0031",Austin
u0171,Elizabeth Burton,Stanford,Microsoft,DevOps Engineer,"DevOps Engineer with experience in LangGraph, RAG.","GraphQL, TensorFlow, SQL, PyTorch, Kubernetes",Autonomous Agents,4,"u0400, u0302, u0212, u0392, u0360",Palo Alto
u0172,Sarah Davis,Cornell,IBM,AI Researcher,"AI Researcher with experience in Vector DB, RAG, Transformers.","SQL, NLP, Streamlit","Generative AI, AI Ethics",5,"u0371, u0156, u0400, u0080",San Francisco
u0173,Christopher Williams,Stanford,Amazon,NLP Scientist,"NLP Scientist with experience in FastAPI, LLMs.","PyTorch, Kubernetes, SQL","Education Tech, Open Source",8,"u0052, u0230, u0301, u0224, u0169",Bangalore
u0174,Wendy Kane,Berkeley,Salesforce,Frontend Developer,"Frontend Developer with experience in Neo4j, Qdrant, Transformers.","NLP, TensorFlow, Docker",AI Ethics,9,"u0083, u0069",London
u0175,Erin George,Carnegie Mellon,Google,Backend Developer,"Backend Developer with experience in GPT-4, LLMs.","Streamlit, TensorFlow, Docker",Generative AI,5,"u0165, u0141",Berlin
u0176,Kathleen Phillips,Stanford,Salesforce,NLP Scientist,"NLP Scientist with experience in LLMs, GPT-4, Neo4j.","Kubernetes, Streamlit, GraphQL, SQL",Open Source,8,"u0334, u0343, u0227, u0012, u0040",Seattle
u0177,Katherine Dyer,USF,IBM,Backend Developer,"Backend Developer with experience in LangChain, RAG, Qdrant.","TensorFlow, GraphQL, Scikit-learn","Open Source, Generative AI",10,"u0008, u0339",Boston
u0178,Marie Allen,MIT,Meta,Cloud Architect,"Cloud Architect with experience in Transformers, RAG, LLMs.","SQL, TensorFlow, Scikit-learn, Python, Kubernetes","Autonomous Agents, Open Source",3,"u0083, u0304, u0016",Boston
u0179,Beth Alexander,Oxford,Microsoft,Backend Developer,"Backend Developer with experience in Vector DB, FastAPI, RAG.","Python, TensorFlow, PyTorch","Healthcare AI, Education Tech",5,"u0322, u0320, u0055, u0075",New York
u0180,Edwin Davis,MIT,Nvidia,Machine Learning Engineer,"Machine Learning Engineer with experience in Neo4j, GPT-4, LangChain.","PyTorch, Docker, TensorFlow","Open Source, AI Ethics",9,"u0215, u0189, u0117",London
u0181,Kathy Mcdonald,Stanford,Microsoft,NLP Scientist,"NLP Scientist with experience in Neo4j, Qdrant, LLMs.","Python, SQL, TensorFlow, PyTorch, NLP","Autonomous Agents, Education Tech",7,"u0370, u0175, u0114, u0004",London
u0182,Carrie Potts,USF,Amazon,Data Scientist,"Data Scientist with experience in Vector DB, FastAPI.","TensorFlow, Python, Streamlit, PyTorch, GraphQL","Autonomous Agents, Open Source",2,"u0372, u0340, u0230",New York
u0183,Matthew Reyes,UCLA,Tesla,DevOps Engineer,"DevOps Engineer with experience in LangChain, Transformers, LangGraph, LLMs.","PyTorch, NLP, Scikit-learn, TensorFlow, SQL",Education Tech,8,"u0321, u0327",Austin
u0184,Alicia Harris,Harvard,Nvidia,Software Engineer,"Software Engineer with experience in RAG, Vector DB.","Streamlit, SQL, GraphQL, TensorFlow","Education Tech, AI Ethics",7,"u0200, u0040, u0330, u0023",Palo Alto
u0185,Vanessa Smith,Cornell,Nvidia,NLP Scientist,"NLP Scientist with experience in Neo4j, GPT-4.","GraphQL, TensorFlow, SQL","Open Source, Education Tech",8,"u0276, u0134, u0051, u0047, u0300",Bangalore
u0186,Andrea Martinez,MIT,IBM,DevOps Engineer,"DevOps Engineer with experience in LangChain, GPT-4.","SQL, NLP, Kubernetes, Python, Scikit-learn",Education Tech,8,"u0297, u0127, u0336, u0341, u0267",Bangalore
u0187,Cheryl Campos,MIT,Meta,AI Researcher,"AI Researcher with experience in LangGraph, FastAPI, Neo4j, LangChain.","Kubernetes, GraphQL, Docker",Healthcare AI,5,"u0148, u0273",Toronto
u0188,Jesse Smith,Carnegie Mellon,IBM,Software Engineer,"Software Engineer with experience in Vector DB, RAG.","TensorFlow, Python, Kubernetes, PyTorch",Generative AI,10,"u0186, u0132, u0086, u0126, u0148",Austin
u0189,Peter Gonzalez,Cornell,Google,Prompt Engineer,"Prompt Engineer with experience in FastAPI, LLMs.","NLP, GraphQL, Kubernetes",Education Tech,1,"u0023, u0185, u0139, u0265, u0244",Boston
u0190,Christopher Williams,Cornell,Nvidia,Prompt Engineer,"Prompt Engineer with experience in Neo4j, Qdrant, LangChain.","Python, GraphQL, PyTorch, NLP, Kubernetes",AI Ethics,10,"u0173, u0313, u0166, u0022, u0134",New York
u0191,Elizabeth Williams,Harvard,IBM,AI Researcher,"AI Researcher with experience in LLMs, LangChain, Neo4j, Transformers.","SQL, Python, NLP","Open Source, Education Tech",6,"u0106, u0075",San Francisco
u0192,Linda Merritt,Cornell,Meta,Frontend Developer,"Frontend Developer with experience in LangGraph, Transformers.","Python, Streamlit, SQL, Kubernetes, PyTorch",Autonomous Agents,4,"u0358, u0209, u0374, u0189",New York
u0193,Morgan Hunter,Stanford,Amazon,Backend Developer,"Backend Developer with experience in Qdrant, Vector DB, LangChain, Transformers.","Python, Streamlit, TensorFlow, SQL, NLP","Autonomous Agents, Healthcare AI",2,"u0186, u0269, u0274, u0354, u0311",San Francisco
u0194,Ryan Grant,Berkeley,IBM,Machine Learning Engineer,"Machine Learning Engineer with experience in LLMs, FastAPI.","Streamlit, Scikit-learn, NLP, GraphQL, TensorFlow","Open Source, AI Ethics",3,"u0088, u0067, u0260, u0356, u0386",Berlin
u0195,Matthew Marquez,UCLA,Meta,DevOps Engineer,"DevOps Engineer with experience in LLMs, FastAPI, Qdrant, Neo4j.","Python, Scikit-learn, Docker, SQL","Healthcare AI, Autonomous Agents",7,"u0127, u0377, u0210, u0307, u0185",Austin
u0196,Ashley Martinez,Cornell,Microsoft,Backend Developer,"Backend Developer with experience in LLMs, RAG, FastAPI.","Docker, TensorFlow, NLP",Open Source,7,"u0102, u0399",Boston
u0197,Latoya Perry,MIT,OpenAI,Machine Learning Engineer,"Machine Learning Engineer with experience in RAG, Qdrant, Transformers, FastAPI.","SQL, Kubernetes, TensorFlow, PyTorch","Open Source, Education Tech",4,"u0133, u0299",Seattle
u0198,Raymond Clark,MIT,Nvidia,NLP Scientist,"NLP Scientist with experience in RAG, FastAPI, LangGraph.","PyTorch, Scikit-learn, TensorFlow, GraphQL, SQL",Education Tech,7,"u0362, u0104, u0207, u0125",San Francisco
u0199,Edward Leach,IIT Delhi,Microsoft,Backend Developer,"Backend Developer with experience in Vector DB, LangChain, LLMs.","Kubernetes, TensorFlow, Scikit-learn, PyTorch, Streamlit",Generative AI,9,"u0369, u0288, u0373, u0325, u0245",Palo Alto
u0200,Lisa Aguilar,Berkeley,IBM,Machine Learning Engineer,"Machine Learning Engineer with experience in LangGraph, Qdrant, RAG, Transformers.","Docker, SQL, NLP","Autonomous Agents, Healthcare AI",4,"u0187, u0248, u0247, u0353",Bangalore
u0201,Adam Grant,IIT Delhi,Salesforce,Frontend Developer,"Frontend Developer with experience in RAG, GPT-4.","Streamlit, GraphQL, Scikit-learn, TensorFlow, Kubernetes","AI Ethics, Healthcare AI",9,"u0019, u0326, u0340, u0263, u0137",San Francisco
u0202,Miguel Davis,Stanford,Salesforce,Machine Learning Engineer,"Machine Learning Engineer with experience in Vector DB, RAG, Qdrant.","SQL, Python, Streamlit, NLP, Docker",Education Tech,4,"u0378, u0343",Boston
u0203,Kyle Jackson,Carnegie Mellon,Amazon,Cloud Architect,"Cloud Architect with experience in Qdrant, Vector DB, GPT-4, FastAPI.","GraphQL, PyTorch, Scikit-learn, Python, Streamlit",AI Ethics,3,"u0013, u0386",Seattle
u0204,Herbert Bryant,UCLA,Microsoft,Prompt Engineer,"Prompt Engineer with experience in LLMs, LangGraph.","SQL, Scikit-learn, Streamlit","Education Tech, Autonomous Agents",8,"u0061, u0321",Seattle
u0205,Michael Casey,Stanford,Salesforce,DevOps Engineer,"DevOps Engineer with experience in FastAPI, Transformers, LLMs.","TensorFlow, PyTorch, NLP, Scikit-learn",Healthcare AI,1,"u0168, u0235",New York
u0206,Tara Wiggins,USF,IBM,Cloud Architect,"Cloud Architect with experience in LangGraph, FastAPI, Qdrant.","Streamlit, Scikit-learn, PyTorch, GraphQL","Education Tech, Healthcare AI",1,"u0290, u0189, u0160",Toronto
u0207,James Fletcher,Harvard,Nvidia,Machine Learning Engineer,"Machine Learning Engineer with experience in LangChain, Neo4j.","TensorFlow, GraphQL, PyTorch","Open Source, Generative AI",6,"u0267, u0399",San Francisco
u0208,Elizabeth Kemp,MIT,Salesforce,DevOps Engineer,"DevOps Engineer with experience in Vector DB, FastAPI.","TensorFlow, GraphQL, Kubernetes, Scikit-learn","Education Tech, Open Source",8,"u0125, u0041, u0151, u0398",London
u0209,David Kelley,MIT,OpenAI,Prompt Engineer,"Prompt Engineer with experience in LangGraph, LangChain.","SQL, Docker, PyTorch","Education Tech, Open Source",6,"u0329, u0215, u0239, u0354, u0163",Berlin
u0210,Cheryl Green,Cornell,Microsoft,DevOps Engineer,"DevOps Engineer with experience in GPT-4, LangChain, Transformers.","Scikit-learn, PyTorch, Docker, Python","Autonomous Agents, Education Tech",10,"u0071, u0307, u0383, u0117, u0010",Austin
u0211,Kimberly Garcia,MIT,Microsoft,Backend Developer,"Backend Developer with experience in Vector DB, LLMs, Neo4j.","SQL, Python, TensorFlow, Scikit-learn","Open Source, Healthcare AI",4,"u0208, u0035, u0069",Boston
u0212,Karen Cooper,IIT Delhi,Google,AI Researcher,"AI Researcher with experience in Vector DB, FastAPI, Qdrant.","GraphQL, SQL, Kubernetes, Scikit-learn, TensorFlow",AI Ethics,7,"u0205, u0095, u0269, u0035, u0231",New York
u0213,Pamela Barrett,UCLA,Amazon,DevOps Engineer,"DevOps Engineer with experience in GPT-4, LangChain.","SQL, NLP, TensorFlow, Streamlit, GraphQL",Open Source,2,"u0108, u0342, u0278",Austin
u0214,Joseph Cameron,IIT Delhi,OpenAI,AI Researcher,"AI Researcher with experience in Qdrant, FastAPI, Transformers, RAG.","Scikit-learn, TensorFlow, Docker, GraphQL","Healthcare AI, Education Tech",2,"u0283, u0355, u0279",New York
u0215,William Wilson,Carnegie Mellon,Apple,Cloud Architect,"Cloud Architect with experience in RAG, Neo4j, Vector DB, GPT-4.","GraphQL, TensorFlow, PyTorch","Open Source, AI Ethics",8,"u0211, u0099, u0221",New York
u0216,James Castillo,Harvard,Amazon,Data Scientist,"Data Scientist with experience in Neo4j, Transformers, GPT-4.","PyTorch, Streamlit, Scikit-learn",Healthcare AI,1,"u0090, u0328, u0179, u0230",Bangalore
u0217,Ethan Wagner,Harvard,Tesla,NLP Scientist,"NLP Scientist with experience in LLMs, LangGraph.","SQL, GraphQL, Scikit-learn, Docker",Open Source,5,"u0291, u0380, u0359, u0168, u0062",Berlin
u0218,Joseph Ortiz,Harvard,Amazon,DevOps Engineer,"DevOps Engineer with experience in Transformers, Vector DB.","PyTorch, TensorFlow, Streamlit, SQL","Education Tech, Generative AI",1,"u0207, u0111",Berlin
u0219,Donald Miller,Berkeley,Nvidia,Backend Developer,"Backend Developer with experience in Vector DB, LLMs.","NLP, PyTorch, Python, Docker, Scikit-learn",Education Tech,1,"u0139, u0331",Palo Alto
u0220,Emily Ford,Stanford,Nvidia,AI Researcher,"AI Researcher with experience in Neo4j, FastAPI, RAG.","Python, PyTorch, Kubernetes","Healthcare AI, Autonomous Agents",1,"u0243, u0242, u0361, u0160, u0266",Austin
u0221,Mr. Brady Harris,IIT Delhi,Salesforce,Machine Learning Engineer,"Machine Learning Engineer with experience in Vector DB, Transformers, GPT-4, FastAPI.","Python, Streamlit, Scikit-learn, SQL, PyTorch","AI Ethics, Open Source",8,"u0018, u0249, u0091",New York
u0222,Samuel Smith,IIT Delhi,Nvidia,Software Engineer,"Software Engineer with experience in LangGraph, LLMs, Qdrant.","Streamlit, NLP, GraphQL","Education Tech, Generative AI",4,"u0216, u0044",Austin
u0223,Peter Arnold,Cornell,Microsoft,NLP Scientist,"NLP Scientist with experience in Neo4j, Transformers, LangGraph, FastAPI.","Docker, NLP, Streamlit, Scikit-learn","Open Source, Healthcare AI",1,"u0211, u0348",Toronto
u0224,Bradley Jones,MIT,IBM,Machine Learning Engineer,"Machine Learning Engineer with experience in Vector DB, GPT-4.","Docker, Scikit-learn, TensorFlow, SQL",Autonomous Agents,6,"u0058, u0065, u0273, u0147",San Francisco
u0225,Brandi Clark,UCLA,Tesla,Backend Developer,"Backend Developer with experience in Qdrant, LLMs, LangGraph, Neo4j.","Streamlit, Docker, PyTorch, SQL, Python","Education Tech, Healthcare AI",1,"u0209, u0099",Palo Alto
u0226,Dawn Martinez,Berkeley,Microsoft,Machine Learning Engineer,"Machine Learning Engineer with experience in Qdrant, FastAPI.","GraphQL, Docker, NLP",Generative AI,6,"u0098, u0010",Bangalore
u0227,Michael Newman,Cornell,Apple,Prompt Engineer,"Prompt Engineer with experience in RAG, Neo4j.","Scikit-learn, Docker, Kubernetes","Generative AI, Healthcare AI",8,"u0258, u0306, u0254, u0180, u0265",Boston
u0228,Lisa Hamilton,Carnegie Mellon,Tesla,Software Engineer,"Software Engineer with experience in RAG, Neo4j.","NLP, SQL, GraphQL, TensorFlow, Python","Healthcare AI, Autonomous Agents",1,"u0300, u0287, u0263, u0180, u0298",Berlin
u0229,Jessica Campbell,UCLA,Salesforce,Cloud Architect,"Cloud Architect with experience in Transformers, Neo4j, LangChain, RAG.","Kubernetes, Docker, TensorFlow, Streamlit, NLP",Open Source,4,"u0031, u0079, u0315, u0154",Boston
u0230,Debra Frye,Carnegie Mellon,IBM,Frontend Developer,"Frontend Developer with experience in Qdrant, LLMs, Transformers.","PyTorch, Kubernetes, Docker, Streamlit, Python","Education Tech, Autonomous Agents",5,"u0231, u0062, u0389, u0181, u0302",Bangalore
u0231,Warren Smith,Carnegie Mellon,Tesla,Cloud Architect,"Cloud Architect with experience in Vector DB, LangGraph, Transformers.","PyTorch, SQL, TensorFlow","AI Ethics, Healthcare AI",2,"u0017, u0122, u0199, u0289, u0069",Berlin
u0232,Deborah Castillo,IIT Delhi,Apple,Cloud Architect,"Cloud Architect with experience in FastAPI, Qdrant, LLMs.","GraphQL, Streamlit, Scikit-learn, SQL, NLP","Generative AI, Healthcare AI",3,"u0331, u0063",London
u0233,Matthew Mason,IIT Delhi,Amazon,Frontend Developer,"Frontend Developer with experience in Neo4j, Transformers, GPT-4, LangChain.","Python, TensorFlow, GraphQL",Education Tech,8,"u0038, u0363, u0162, u0143, u0030",Boston
u0234,Ashley West MD,Oxford,Tesla,Cloud Architect,"Cloud Architect with experience in LangGraph, GPT-4, FastAPI.","PyTorch, Kubernetes, Streamlit, GraphQL, TensorFlow",Autonomous Agents,5,"u0164, u0358, u0227",Toronto
u0235,Daniel Roth,UCLA,Tesla,Software Engineer,"Software Engineer with experience in Qdrant, LangGraph.","Scikit-learn, Python, PyTorch",AI Ethics,6,"u0211, u0021, u0087",New York
u0236,Alison Long,UCLA,Salesforce,Prompt Engineer,"Prompt Engineer with experience in Transformers, Qdrant.","GraphQL, NLP, PyTorch, Scikit-learn, Kubernetes","AI Ethics, Open Source",5,"u0399, u0186",Seattle
u0237,Megan Jordan,USF,Nvidia,NLP Scientist,"NLP Scientist with experience in LangGraph, LangChain.","SQL, Python, GraphQL, Docker",Generative AI,9,"u0315, u0227, u0027",New York
u0238,Courtney Donovan,USF,Google,DevOps Engineer,"DevOps Engineer with experience in Qdrant, RAG.","Python, GraphQL, Kubernetes","Education Tech, Autonomous Agents",3,"u0262, u0072, u0270, u0179",London
u0239,James Adkins,Carnegie Mellon,Meta,Prompt Engineer,"Prompt Engineer with experience in FastAPI, LLMs.","PyTorch, NLP, Kubernetes, Python","Education Tech, Generative AI",4,"u0256, u0288, u0157",Palo Alto
u0240,Michael Lopez,Carnegie Mellon,Google,Prompt Engineer,"Prompt Engineer with experience in LangGraph, Transformers.","Streamlit, GraphQL, NLP, PyTorch, Python","Healthcare AI, Open Source",3,"u0303, u0118, u0266",Berlin
u0241,Douglas Kelly,Harvard,Meta,AI Researcher,"AI Researcher with experience in LangChain, Qdrant, FastAPI, RAG.","TensorFlow, Scikit-learn, Kubernetes, PyTorch","Healthcare AI, AI Ethics",10,"u0283, u0221",Palo Alto
u0242,Zachary Mckinney,UCLA,Salesforce,Machine Learning Engineer,"Machine Learning Engineer with experience in FastAPI, LangChain, LangGraph.","Streamlit, Docker, PyTorch",Open Source,4,"u0215, u0101, u0097, u0239",Bangalore
u0243,Brandy Morris,Cornell,IBM,Backend Developer,"Backend Developer with experience in LangChain, Qdrant.","Python, TensorFlow, PyTorch, Docker",Generative AI,5,"u0050, u0086",San Francisco
u0244,Amy Sharp,USF,Google,AI Researcher,"AI Researcher with experience in GPT-4, LangGraph, Vector DB, Transformers.","PyTorch, Python, Kubernetes","Generative AI, Education Tech",5,"u0234, u0213, u0364, u0270",New York
u0245,Zachary Bell,UCLA,Tesla,Backend Developer,"Backend Developer with experience in Neo4j, LangGraph.","GraphQL, Docker, Python, Streamlit","Autonomous Agents, Generative AI",4,"u0277, u0375, u0044",Palo Alto
u0246,Linda Abbott,Carnegie Mellon,IBM,Cloud Architect,"Cloud Architect with experience in Neo4j, FastAPI.","PyTorch, Kubernetes, TensorFlow, GraphQL",Autonomous Agents,10,"u0394, u0020",San Francisco
u0247,Christian Little,Stanford,Tesla,Frontend Developer,"Frontend Developer with experience in Neo4j, Vector DB.","Kubernetes, SQL, TensorFlow","Open Source, Generative AI",9,"u0060, u0074, u0283, u0373, u0342",Palo Alto
u0248,Tracey Hernandez,USF,Google,Backend Developer,"Backend Developer with experience in RAG, Neo4j.","Scikit-learn, Python, NLP","Education Tech, Open Source",2,"u0362, u0133",Bangalore
u0249,Diana Robinson,Cornell,Apple,Machine Learning Engineer,"Machine Learning Engineer with experience in LangGraph, LangChain, FastAPI, Transformers.","Streamlit, Kubernetes, GraphQL",Healthcare AI,10,"u0368, u0292, u0221",San Francisco
u0250,Austin Scott,USF,Amazon,AI Researcher,"AI Researcher with experience in RAG, LangGraph, LLMs, LangChain.","PyTorch, Streamlit, Python","Autonomous Agents, Healthcare AI",7,"u0046, u0368, u0066, u0369, u0399",London
u0251,Michael Miller,UCLA,Salesforce,Cloud Architect,"Cloud Architect with experience in Qdrant, Vector DB, GPT-4, LLMs.","Streamlit, Python, Scikit-learn, NLP, Docker","Autonomous Agents, Education Tech",5,"u0281, u0374, u0308",New York
u0252,Sabrina Wilson,IIT Delhi,IBM,AI Researcher,"AI Researcher with experience in FastAPI, Qdrant.","TensorFlow, Streamlit, GraphQL","Autonomous Agents, Education Tech",4,"u0365, u0341, u0052, u0053, u0047",San Francisco
u0253,Benjamin Taylor,Stanford,Microsoft,AI Researcher,"AI Researcher with experience in Neo4j, RAG, Vector DB, Qdrant.","GraphQL, Docker, NLP","Generative AI, Autonomous Agents",10,"u0390, u0393",London
u0254,Dawn Barnes,Oxford,Salesforce,DevOps Engineer,"DevOps Engineer with experience in Qdrant, FastAPI, LLMs, RAG.","Streamlit, Kubernetes, SQL, GraphQL","AI Ethics, Education Tech",4,"u0174, u0343, u0282",Austin
u0255,Dr. Jennifer Davis,UCLA,Nvidia,Machine Learning Engineer,"Machine Learning Engineer with experience in RAG, GPT-4, LLMs.","Docker, NLP, GraphQL","Healthcare AI, Autonomous Agents",3,"u0066, u0150",Palo Alto
u0256,Michelle Alvarez,Cornell,Salesforce,Data Scientist,"Data Scientist with experience in RAG, LLMs, Qdrant, Neo4j.","Docker, Scikit-learn, TensorFlow, GraphQL, Streamlit",Open Source,5,"u0342, u0192",Austin
u0257,Daniel Patterson,MIT,Nvidia,Cloud Architect,"Cloud Architect with experience in LangChain, Vector DB.","PyTorch, SQL, Kubernetes, Python",Education Tech,8,"u0269, u0379, u0225",Palo Alto
u0258,Joshua Lyons,Harvard,Amazon,Frontend Developer,"Frontend Developer with experience in FastAPI, RAG.","SQL, PyTorch, Kubernetes, Scikit-learn, TensorFlow","Open Source, Generative AI",5,"u0200, u0214, u0227, u0144",New York
u0259,Marie Solomon,Stanford,Microsoft,Data Scientist,"Data Scientist with experience in RAG, Qdrant, GPT-4.","SQL, Docker, PyTorch","Open Source, AI Ethics",6,"u0036, u0097, u0001, u0384",Austin
u0260,Bob Sullivan,Oxford,OpenAI,Data Scientist,"Data Scientist with experience in Neo4j, Qdrant, Vector DB.","TensorFlow, SQL, PyTorch, Streamlit","Open Source, AI Ethics",8,"u0059, u0012, u0312, u0219, u0374",Berlin
u0261,Michael Cooper,Cornell,Apple,Software Engineer,"Software Engineer with experience in Transformers, LangGraph.","NLP, SQL, Docker, TensorFlow, PyTorch",Generative AI,2,"u0248, u0177, u0187",Seattle
u0262,Randall Norris,Carnegie Mellon,Microsoft,NLP Scientist,"NLP Scientist with experience in LangChain, Qdrant, Transformers.","Scikit-learn, Streamlit, Python, NLP, PyTorch",Healthcare AI,4,"u0205, u0352",Berlin
u0263,Sarah Bauer,Carnegie Mellon,Nvidia,Prompt Engineer,"Prompt Engineer with experience in Transformers, LangGraph.","TensorFlow, PyTorch, SQL, Python, NLP","AI Ethics, Healthcare AI",4,"u0201, u0388, u0230, u0049, u0293",San Francisco
u0264,Seth Melendez,Oxford,Google,Data Scientist,"Data Scientist with experience in Qdrant, LangGraph.","Streamlit, NLP, Docker, PyTorch, SQL","Open Source, Autonomous Agents",10,"u0253, u0098, u0149, u0389",Seattle
u0265,David Watson,Oxford,Apple,Backend Developer,"Backend Developer with experience in Vector DB, RAG, FastAPI.","Streamlit, TensorFlow, GraphQL, Scikit-learn",AI Ethics,10,"u0021, u0086, u0275",Palo Alto
u0266,Melissa Wolf,IIT Delhi,Microsoft,Prompt Engineer,"Prompt Engineer with experience in LLMs, GPT-4, Neo4j, LangGraph.","Streamlit, PyTorch, SQL, Kubernetes",Generative AI,1,"u0295, u0159, u0215",New York
u0267,Patrick Jenkins,UCLA,Salesforce,Software Engineer,"Software Engineer with experience in Transformers, Qdrant, FastAPI.","Docker, NLP, TensorFlow, PyTorch",AI Ethics,9,"u0089, u0189, u0261, u0128",Berlin
u0268,Sherri Lloyd,Oxford,Microsoft,Machine Learning Engineer,"Machine Learning Engineer with experience in GPT-4, FastAPI, Qdrant.","TensorFlow, Kubernetes, Python",AI Ethics,2,"u0148, u0247, u0223, u0235",Seattle
u0269,Brian Smith,Stanford,IBM,Cloud Architect,"Cloud Architect with experience in Qdrant, LLMs, Vector DB.","Docker, PyTorch, TensorFlow, SQL",AI Ethics,2,"u0197, u0314, u0319",Austin
u0270,Jessica Johnson,UCLA,Meta,Software Engineer,"Software Engineer with experience in GPT-4, RAG, LangChain.","Scikit-learn, Docker, PyTorch",Open Source,4,"u0061, u0015, u0122, u0155, u0088",Bangalore
u0271,Katherine Mckenzie,Carnegie Mellon,Google,Prompt Engineer,"Prompt Engineer with experience in Vector DB, LLMs.","TensorFlow, Python, GraphQL",Education Tech,7,"u0177, u0207, u0308, u0104",Berlin
u0272,Charles Stewart,MIT,Google,Machine Learning Engineer,"Machine Learning Engineer with experience in Transformers, FastAPI, GPT-4.","GraphQL, PyTorch, TensorFlow, Docker","Generative AI, AI Ethics",1,"u0379, u0129",Boston
u0273,Richard Bishop,Cornell,Salesforce,Frontend Developer,"Frontend Developer with experience in GPT-4, LangChain, Neo4j.","GraphQL, Scikit-learn, Kubernetes, PyTorch, TensorFlow","Autonomous Agents, AI Ethics",8,"u0377, u0289",Toronto
u0274,Mr. Cody Little,Carnegie Mellon,Salesforce,NLP Scientist,"NLP Scientist with experience in Vector DB, FastAPI, LangChain.","PyTorch, Streamlit, Python, Scikit-learn, SQL",AI Ethics,2,"u0124, u0156",New York
u0275,Ashley Maddox,Berkeley,OpenAI,DevOps Engineer,"DevOps Engineer with experience in LangGraph, RAG, Vector DB.","PyTorch, GraphQL, Scikit-learn, Streamlit","Autonomous Agents, AI Ethics",6,"u0216, u0194, u0359",Berlin
u0276,Melissa Parrish DDS,Oxford,Amazon,Backend Developer,"Backend Developer with experience in RAG, GPT-4, LangChain.","Python, Streamlit, SQL",Autonomous Agents,8,"u0247, u0033, u0280, u0124",Palo Alto
u0277,Brady Bright,IIT Delhi,Meta,Software Engineer,"Software Engineer with experience in Vector DB, Qdrant, Transformers, LangChain.","GraphQL, Docker, TensorFlow, Python, PyTorch","AI Ethics, Healthcare AI",8,"u0320, u0394",London
u0278,Cheryl Cowan,IIT Delhi,Tesla,DevOps Engineer,"DevOps Engineer with experience in Vector DB, Neo4j.","Kubernetes, Docker, Scikit-learn, PyTorch",Open Source,6,"u0082, u0017, u0012, u0329, u0327",Seattle
u0279,Lisa Sims,IIT Delhi,Tesla,Data Scientist,"Data Scientist with experience in Vector DB, RAG.","GraphQL, Docker, Kubernetes, TensorFlow, PyTorch",Autonomous Agents,1,"u0141, u0177, u0182",Toronto
u0280,Deanna Jackson,Cornell,Nvidia,Backend Developer,"Backend Developer with experience in Vector DB, FastAPI, Neo4j.","Python, GraphQL, Docker, TensorFlow",Education Tech,4,"u0282, u0346, u0234, u0352, u0387",New York
u0281,Mr. Patrick Lawson,Cornell,OpenAI,Cloud Architect,"Cloud Architect with experience in Qdrant, RAG, Neo4j.","NLP, GraphQL, Streamlit",Healthcare AI,5,"u0252, u0043, u0169, u0211, u0085",Boston
u0282,Brian Hunter,USF,Salesforce,NLP Scientist,"NLP Scientist with experience in LLMs, Neo4j, RAG.","Kubernetes, Streamlit, Python, Docker","Healthcare AI, Generative AI",5,"u0046, u0220, u0368, u0260",London
u0283,Justin Quinn,Oxford,IBM,DevOps Engineer,"DevOps Engineer with experience in GPT-4, LLMs, Vector DB.","Kubernetes, Scikit-learn, GraphQL, NLP",Autonomous Agents,4,"u0087, u0232, u0239, u0171, u0330",Berlin
u0284,Rachel Cummings,USF,Apple,Backend Developer,"Backend Developer with experience in RAG, Vector DB, Neo4j, FastAPI.","SQL, Docker, Python, NLP, GraphQL","Healthcare AI, Generative AI",9,"u0354, u0223, u0279, u0075",New York
u0285,Julia Watts,Carnegie Mellon,Apple,Frontend Developer,"Frontend Developer with experience in Qdrant, GPT-4.","Kubernetes, NLP, GraphQL",Healthcare AI,1,"u0160, u0396, u0060, u0232",New York
u0286,Sonia Sawyer,Oxford,Meta,DevOps Engineer,"DevOps Engineer with experience in LLMs, Vector DB.","NLP, Kubernetes, TensorFlow, Python, Docker",Generative AI,3,"u0123, u0265, u0136, u0342",Austin
u0287,Kimberly Cantrell,IIT Delhi,Meta,Data Scientist,"Data Scientist with experience in LLMs, LangChain, RAG.","Docker, Scikit-learn, Streamlit, GraphQL, Python","Generative AI, Education Tech",3,"u0352, u0085, u0045, u0017",San Francisco
u0288,Jeffrey Baker,Oxford,Microsoft,NLP Scientist,"NLP Scientist with experience in Neo4j, LangChain.","PyTorch, GraphQL, Streamlit",Generative AI,10,"u0233, u0155, u0362, u0217, u0058",Berlin
u0289,Erica Chavez,Oxford,Amazon,DevOps Engineer,"DevOps Engineer with experience in LLMs, LangChain.","Streamlit, Kubernetes, TensorFlow, NLP, PyTorch",Autonomous Agents,8,"u0039, u0386, u0074",Boston
u0290,Caroline Esparza,MIT,Tesla,Cloud Architect,"Cloud Architect with experience in LangChain, Qdrant.","PyTorch, Streamlit, TensorFlow, Python",AI Ethics,9,"u0127, u0289, u0250, u0334",Boston
u0291,Danielle Lang,Harvard,Nvidia,Cloud Architect,"Cloud Architect with experience in Transformers, FastAPI, GPT-4.","NLP, TensorFlow, GraphQL","Education Tech, Generative AI",9,"u0339, u0279",London
u0292,Benjamin Moore,Harvard,Salesforce,Software Engineer,"Software Engineer with experience in LangGraph, LLMs, RAG.","GraphQL, NLP, Scikit-learn, SQL","AI Ethics, Open Source",6,"u0150, u0258, u0175, u0176, u0353",Bangalore
u0293,Jennifer Jensen,Carnegie Mellon,IBM,NLP Scientist,"NLP Scientist with experience in Neo4j, Qdrant.","GraphQL, Kubernetes, PyTorch, Docker","Education Tech, Healthcare AI",9,"u0089, u0215, u0384, u0148, u0214",Palo Alto
u0294,Bradley Perez,Berkeley,IBM,Software Engineer,"Software Engineer with experience in LangChain, LLMs, GPT-4, Vector DB.","Scikit-learn, SQL, TensorFlow",AI Ethics,9,"u0244, u0088",Austin
u0295,John Webb,Oxford,OpenAI,DevOps Engineer,"DevOps Engineer with experience in FastAPI, Neo4j, LLMs, Qdrant.","Scikit-learn, Kubernetes, Docker, GraphQL, TensorFlow","AI Ethics, Autonomous Agents",7,"u0212, u0243, u0268",New York
u0296,John Cervantes,MIT,IBM,Prompt Engineer,"Prompt Engineer with experience in Transformers, Qdrant.","PyTorch, Scikit-learn, Streamlit","AI Ethics, Autonomous Agents",10,"u0310, u0203, u0374",New York
u0297,Deborah Matthews,UCLA,Nvidia,NLP Scientist,"NLP Scientist with experience in Qdrant, LangGraph, LLMs.","Streamlit, Docker, GraphQL",Open Source,10,"u0011, u0096, u0170",Austin
u0298,Christopher French,Oxford,Nvidia,Machine Learning Engineer,"Machine Learning Engineer with experience in LangGraph, Transformers, FastAPI.","Python, PyTorch, Kubernetes, GraphQL, NLP",AI Ethics,1,"u0042, u0033, u0209, u0056, u0399",San Francisco
u0299,Christopher Hodges,IIT Delhi,Apple,Backend Developer,"Backend Developer with experience in Transformers, LangChain, Qdrant, GPT-4.","Streamlit, Docker, GraphQL, Scikit-learn, SQL","Healthcare AI, Open Source",4,"u0074, u0019, u0283",Berlin
u0300,Jennifer Buchanan,Stanford,OpenAI,NLP Scientist,"NLP Scientist with experience in LangChain, GPT-4, Transformers, RAG.","SQL, GraphQL, TensorFlow, Scikit-learn",Open Source,9,"u0073, u0046",New York
u0301,Lori Bauer,Harvard,Microsoft,Prompt Engineer,"Prompt Engineer with experience in FastAPI, Transformers, LangChain, Neo4j.","TensorFlow, GraphQL, Scikit-learn, SQL","Education Tech, AI Ethics",1,"u0247, u0106, u0019",Seattle
u0302,Paul Morris,IIT Delhi,Nvidia,AI Researcher,"AI Researcher with experience in GPT-4, LLMs.","Docker, GraphQL, Python","Open Source, Generative AI",9,"u0042, u0034, u0128, u0007, u0388",San Francisco
u0303,Dwayne Blair,Carnegie Mellon,Apple,Machine Learning Engineer,"Machine Learning Engineer with experience in RAG, GPT-4, LLMs.","NLP, TensorFlow, Kubernetes, Docker, Python","AI Ethics, Generative AI",9,"u0390, u0244, u0368, u0305, u0162",London
u0304,Jason Riley,USF,Amazon,Software Engineer,"Software Engineer with experience in Qdrant, LangChain.","Streamlit, Python, Docker","Generative AI, AI Ethics",3,"u0264, u0388, u0030, u0287, u0035",Boston
u0305,Natalie Boyd,Carnegie Mellon,Amazon,NLP Scientist,"NLP Scientist with experience in RAG, FastAPI.","Python, Streamlit, NLP, PyTorch, Docker","Open Source, AI Ethics",1,"u0033, u0371, u0117",Seattle
u0306,Sean Bullock,Harvard,Microsoft,Software Engineer,"Software Engineer with experience in Qdrant, Vector DB, FastAPI.","SQL, TensorFlow, Scikit-learn, Kubernetes",Generative AI,3,"u0367, u0038, u0252, u0029, u0380",Seattle
u0307,Manuel Sawyer,Cornell,Microsoft,Prompt Engineer,"Prompt Engineer with experience in Transformers, Vector DB.","Scikit-learn, NLP, Python, Docker, GraphQL",AI Ethics,10,"u0176, u0187, u0096, u0177, u0094",Seattle
u0308,Emily Miles,USF,Salesforce,Backend Developer,"Backend Developer with experience in Qdrant, FastAPI, Transformers.","Scikit-learn, SQL, GraphQL, Python",Education Tech,5,"u0359, u0132, u0189, u0124",Palo Alto
u0309,Catherine Avery,IIT Delhi,Tesla,AI Researcher,"AI Researcher with experience in GPT-4, FastAPI, Transformers.","NLP, Scikit-learn, Python","Healthcare AI, Autonomous Agents",1,"u0265, u0144, u0399, u0322, u0173",Boston
u0310,Jesse Parker,Stanford,Salesforce,Software Engineer,"Software Engineer with experience in RAG, Transformers, FastAPI, Neo4j.","NLP, Docker, SQL, Streamlit",Open Source,10,"u0219, u0365",Seattle
u0311,Wanda Fitzpatrick,Carnegie Mellon,OpenAI,DevOps Engineer,"DevOps Engineer with experience in RAG, Neo4j, LLMs, FastAPI.","Docker, SQL, Python, Kubernetes","Healthcare AI, AI Ethics",3,"u0210, u0092, u0342, u0380",New York
u0312,Emily Johnson,Carnegie Mellon,IBM,Cloud Architect,"Cloud Architect with experience in Neo4j, GPT-4, LangGraph, Transformers.","TensorFlow, Streamlit, PyTorch","Education Tech, AI Ethics",1,"u0325, u0076, u0154, u0103",New York
u0313,Dennis Sims,IIT Delhi,Apple,Cloud Architect,"Cloud Architect with experience in Qdrant, FastAPI, Transformers.","Python, Docker, Kubernetes, GraphQL","Healthcare AI, Autonomous Agents",8,"u0357, u0035",Palo Alto
u0314,Jessica Ramirez,MIT,Microsoft,Data Scientist,"Data Scientist with experience in Neo4j, LLMs.","TensorFlow, SQL, NLP, Scikit-learn",Healthcare AI,7,"u0218, u0399",Palo Alto
u0315,Angela David,MIT,Google,Cloud Architect,"Cloud Architect with experience in Transformers, RAG, FastAPI.","Streamlit, Python, Kubernetes",Education Tech,1,"u0203, u0147",Boston
u0316,Deanna Ray,Cornell,Google,Prompt Engineer,"Prompt Engineer with experience in Qdrant, LangGraph.","Docker, Kubernetes, PyTorch, Streamlit","Generative AI, Healthcare AI",10,"u0021, u0383, u0124",Berlin
u0317,Kristina King,Berkeley,Tesla,NLP Scientist,"NLP Scientist with experience in LLMs, LangGraph, Transformers, FastAPI.","Python, Kubernetes, NLP","Autonomous Agents, Open Source",2,"u0121, u0003, u0154, u0184, u0013",Berlin
u0318,Ryan Matthews,Cornell,Salesforce,AI Researcher,"AI Researcher with experience in Qdrant, FastAPI, LangGraph, LangChain.","PyTorch, TensorFlow, NLP, Docker","Open Source, Autonomous Agents",9,"u0074, u0028, u0065, u0013, u0016",Boston
u0319,John Miller,Berkeley,Tesla,DevOps Engineer,"DevOps Engineer with experience in LLMs, Transformers, LangGraph.","NLP, GraphQL, Streamlit, Docker, Kubernetes",Education Tech,5,"u0055, u0053, u0283, u0023, u0345",London
u0320,John Hendrix,UCLA,Tesla,Frontend Developer,"Frontend Developer with experience in Neo4j, RAG, Qdrant, GPT-4.","GraphQL, Kubernetes, TensorFlow, SQL","Open Source, Education Tech",3,"u0345, u0195",London
u0321,Jennifer Lin,IIT Delhi,IBM,Data Scientist,"Data Scientist with experience in Neo4j, FastAPI, RAG.","Streamlit, NLP, TensorFlow","Open Source, Autonomous Agents",2,"u0168, u0313, u0123",Palo Alto
u0322,Sherry Thompson,Stanford,IBM,Software Engineer,"Software Engineer with experience in FastAPI, LangGraph, RAG.","TensorFlow, Scikit-learn, Streamlit, Docker, PyTorch",Open Source,10,"u0209, u0140",Boston
u0323,Lindsey Solomon,Oxford,Google,DevOps Engineer,"DevOps Engineer with experience in Transformers, LangGraph.","GraphQL, Streamlit, TensorFlow, Kubernetes, SQL",Open Source,10,"u0244, u0212, u0302, u0280",Boston
u0324,Adam Cooper,Berkeley,Meta,Backend Developer,"Backend Developer with experience in LangGraph, LLMs, LangChain, GPT-4.","Scikit-learn, SQL, Streamlit, PyTorch, Kubernetes",Education Tech,5,"u0179, u0053, u0114, u0086, u0104",San Francisco
u0325,Kevin Poole,UCLA,Tesla,DevOps Engineer,"DevOps Engineer with experience in LangChain, Transformers.","TensorFlow, Docker, Python, NLP",Open Source,9,"u0217, u0092, u0109",Toronto
u0326,Laura Roberts,MIT,Apple,AI Researcher,"AI Researcher with experience in GPT-4, LangChain, FastAPI.","NLP, Docker, SQL, Python",Healthcare AI,9,"u0113, u0248, u0083, u0294, u0256",Bangalore
u0327,Julia Marquez,Cornell,Nvidia,Backend Developer,"Backend Developer with experience in Vector DB, Neo4j.","Streamlit, NLP, PyTorch, Python",AI Ethics,8,"u0399, u0065",New York
u0328,David Garner,Berkeley,Google,Software Engineer,"Software Engineer with experience in FastAPI, LangGraph.","TensorFlow, SQL, Scikit-learn",Healthcare AI,7,"u0127, u0260",Austin
u0329,Jeffrey Thompson,Stanford,Nvidia,Prompt Engineer,"Prompt Engineer with experience in FastAPI, LangChain, LLMs.","Docker, Streamlit, Scikit-learn, PyTorch, Python","Education Tech, Generative AI",2,"u0381, u0177, u0089",London
u0330,Lisa Holloway,MIT,IBM,Backend Developer,"Backend Developer with experience in Vector DB, Neo4j.","Scikit-learn, NLP, TensorFlow, Kubernetes, SQL","Generative AI, Healthcare AI",4,"u0033, u0067, u0267, u0121, u0091",Austin
u0331,Suzanne Martin,Harvard,OpenAI,AI Researcher,"AI Researcher with experience in GPT-4, Transformers, RAG.","Kubernetes, TensorFlow, Streamlit, Scikit-learn, SQL",AI Ethics,5,"u0294, u0136, u0183, u0018",Boston
u0332,Stacey Poole,USF,IBM,Data Scientist,"Data Scientist with experience in Neo4j, FastAPI, RAG.","Streamlit, Docker, Scikit-learn",Autonomous Agents,4,"u0377, u0158, u0196",Boston
u0333,Ann Francis,MIT,Google,Backend Developer,"Backend Developer with experience in Neo4j, Transformers.","Scikit-learn, PyTorch, Streamlit, SQL, Python","AI Ethics, Generative AI",7,"u0108, u0157, u0187, u0287, u0288",Toronto
u0334,Alex Gardner,IIT Delhi,Microsoft,Cloud Architect,"Cloud Architect with experience in LangGraph, Qdrant, RAG, GPT-4.","Kubernetes, PyTorch, NLP, Streamlit","Education Tech, Autonomous Agents",1,"u0069, u0211, u0271, u0317, u0224",Seattle
u0335,Darin Dawson,Carnegie Mellon,Google,Frontend Developer,"Frontend Developer with experience in Transformers, RAG, LLMs, Vector DB.","PyTorch, TensorFlow, SQL",Open Source,9,"u0368, u0303, u0293, u0151",San Francisco
u0336,Tammy Olson,Stanford,Salesforce,Prompt Engineer,"Prompt Engineer with experience in Qdrant, GPT-4, LangChain.","Docker, Python, TensorFlow, Kubernetes",AI Ethics,10,"u0397, u0257, u0163, u0346",Seattle
u0337,Mr. Juan Guzman,USF,IBM,Frontend Developer,"Frontend Developer with experience in GPT-4, LangGraph, Neo4j, RAG.","GraphQL, Python, NLP","Autonomous Agents, Open Source",3,"u0253, u0309, u0371, u0149, u0250",London
u0338,Tami Martinez,IIT Delhi,Google,Software Engineer,"Software Engineer with experience in Qdrant, Vector DB, Transformers, Neo4j.","Kubernetes, PyTorch, TensorFlow, Docker, SQL",Autonomous Agents,1,"u0305, u0328, u0292, u0345, u0312",Bangalore
u0339,Paula Wood,Cornell,Meta,Software Engineer,"Software Engineer with experience in GPT-4, LLMs, LangGraph.","Python, Kubernetes, Scikit-learn, NLP","AI Ethics, Education Tech",6,"u0324, u0252, u0113, u0044",San Francisco
u0340,Chad Wilson,Cornell,Nvidia,AI Researcher,"AI Researcher with experience in Neo4j, LLMs.","Scikit-learn, Streamlit, NLP, Kubernetes","Open Source, Education Tech",9,"u0023, u0133",Seattle
u0341,Jeanne Morrow,USF,Salesforce,Prompt Engineer,"Prompt Engineer with experience in RAG, Transformers.","TensorFlow, Streamlit, Scikit-learn","Education Tech, AI Ethics",4,"u0155, u0219, u0229, u0339, u0266",Austin
u0342,Monica Reyes,Berkeley,Amazon,NLP Scientist,"NLP Scientist with experience in LangGraph, GPT-4.","PyTorch, GraphQL, NLP, Python","Generative AI, Healthcare AI",1,"u0215, u0294, u0172, u0189, u0162",Boston
u0343,Alexis King,IIT Delhi,Microsoft,NLP Scientist,"NLP Scientist with experience in Vector DB, Qdrant, LLMs.","Streamlit, PyTorch, TensorFlow, Python, GraphQL",AI Ethics,7,"u0242, u0274, u0097, u0102, u0241",Palo Alto
u0344,Dr. Nicholas Watts,USF,Microsoft,Software Engineer,"Software Engineer with experience in FastAPI, RAG.","TensorFlow, Scikit-learn, GraphQL, SQL, Docker",Generative AI,4,"u0359, u0008, u0195, u0177",Boston
u0345,Gregory Johnson,Oxford,OpenAI,DevOps Engineer,"DevOps Engineer with experience in LLMs, FastAPI, GPT-4.","Kubernetes, Scikit-learn, Python, NLP, TensorFlow",Open Source,10,"u0313, u0382, u0022, u0070",Boston
u0346,Raymond Butler,Oxford,Tesla,NLP Scientist,"NLP Scientist with experience in LangGraph, GPT-4, Transformers, RAG.","Python, Docker, Streamlit",Education Tech,9,"u0308, u0119",Austin
u0347,Mike Estrada,Carnegie Mellon,Tesla,Frontend Developer,"Frontend Developer with experience in LLMs, Vector DB, Qdrant.","Scikit-learn, GraphQL, TensorFlow","AI Ethics, Open Source",8,"u0192, u0290",Austin
u0348,Victoria Montgomery,Carnegie Mellon,Amazon,Prompt Engineer,"Prompt Engineer with experience in Qdrant, LangGraph, LangChain.","Docker, PyTorch, Streamlit, NLP","Generative AI, Healthcare AI",2,"u0303, u0209, u0037",Seattle
u0349,Matthew Jones,Berkeley,IBM,Software Engineer,"Software Engineer with experience in LLMs, Neo4j, FastAPI, RAG.","Python, GraphQL, PyTorch, SQL",Healthcare AI,3,"u0355, u0141, u0386",Berlin
u0350,Amy Cohen,UCLA,OpenAI,Machine Learning Engineer,"Machine Learning Engineer with experience in RAG, LangChain.","Scikit-learn, Python, Kubernetes","AI Ethics, Healthcare AI",10,"u0366, u0222, u0152, u0368, u0037",Seattle
u0351,Mary White,Stanford,Apple,Data Scientist,"Data Scientist with experience in Qdrant, FastAPI, GPT-4.","Python, SQL, Kubernetes, NLP",Education Tech,3,"u0212, u0247",London
u0352,Ricky Lopez,MIT,Amazon,Frontend Developer,"Frontend Developer with experience in GPT-4, LangGraph.","SQL, Python, NLP",Healthcare AI,7,"u0187, u0241, u0192",San Francisco
u0353,Todd Moore,IIT Delhi,Nvidia,AI Researcher,"AI Researcher with experience in LLMs, FastAPI, LangChain.","SQL, TensorFlow, NLP, GraphQL, PyTorch","Generative AI, Healthcare AI",6,"u0265, u0395, u0187, u0364, u0062",Palo Alto
u0354,Michael Mack,IIT Delhi,IBM,Data Scientist,"Data Scientist with experience in RAG, Vector DB.","GraphQL, NLP, PyTorch",AI Ethics,4,"u0101, u0236",Seattle
u0355,Jennifer Sloan,MIT,Salesforce,Prompt Engineer,"Prompt Engineer with experience in FastAPI, LangChain, Vector DB.","GraphQL, PyTorch, Kubernetes, Streamlit",AI Ethics,8,"u0048, u0153",New York
u0356,Rickey Thompson,MIT,Meta,Prompt Engineer,"Prompt Engineer with experience in RAG, LangGraph, Vector DB, Qdrant.","SQL, Docker, NLP",Education Tech,1,"u0360, u0171, u0054, u0180, u0194",London
u0357,Christopher Paul,MIT,OpenAI,Frontend Developer,"Frontend Developer with experience in Qdrant, GPT-4, Neo4j.","Python, Scikit-learn, GraphQL","Education Tech, Generative AI",4,"u0214, u0062, u0106, u0317, u0166",Boston
u0358,Paula Taylor,Cornell,OpenAI,Frontend Developer,"Frontend Developer with experience in GPT-4, Vector DB.","GraphQL, SQL, Streamlit, Kubernetes, TensorFlow","Open Source, Healthcare AI",10,"u0200, u0262, u0330",San Francisco
u0359,Anita Smith,Cornell,Nvidia,Prompt Engineer,"Prompt Engineer with experience in FastAPI, RAG, Neo4j.","Kubernetes, SQL, NLP, Python",Healthcare AI,4,"u0231, u0341, u0104",Toronto
u0360,Laura Torres,MIT,Amazon,DevOps Engineer,"DevOps Engineer with experience in FastAPI, RAG, Vector DB.","PyTorch, TensorFlow, Docker, SQL, GraphQL",Healthcare AI,6,"u0266, u0002, u0336",New York
u0361,Melissa Miller,IIT Delhi,Google,Software Engineer,"Software Engineer with experience in RAG, GPT-4, Qdrant.","NLP, TensorFlow, SQL, Python","AI Ethics, Generative AI",4,"u0023, u0049, u0154",Berlin
u0362,Diane Hensley,Carnegie Mellon,Amazon,AI Researcher,"AI Researcher with experience in LLMs, Neo4j.","Docker, NLP, PyTorch, Kubernetes, SQL",Autonomous Agents,9,"u0397, u0007, u0111, u0253, u0275",Berlin
u0363,Emily Robinson,Harvard,OpenAI,Software Engineer,"Software Engineer with experience in Transformers, Neo4j, LLMs, Qdrant.","Streamlit, Docker, SQL, NLP, PyTorch",Education Tech,6,"u0086, u0398, u0323",Palo Alto
u0364,Claudia Weber,Oxford,Microsoft,NLP Scientist,"NLP Scientist with experience in Transformers, Vector DB, Neo4j.","Scikit-learn, Kubernetes, Streamlit, TensorFlow",Open Source,6,"u0226, u0088, u0126, u0304",Seattle
u0365,Dustin Fox,Carnegie Mellon,Salesforce,Machine Learning Engineer,"Machine Learning Engineer with experience in Vector DB, LLMs, LangChain.","Python, Streamlit, PyTorch, Docker",Generative AI,4,"u0337, u0027, u0032",Seattle
u0366,Richard Hill,Carnegie Mellon,Tesla,Data Scientist,"Data Scientist with experience in Neo4j, LangGraph, GPT-4, LangChain.","PyTorch, NLP, SQL, Python",Open Source,9,"u0200, u0095, u0010, u0369, u0043",Seattle
u0367,Alyssa Hall,Carnegie Mellon,Nvidia,Machine Learning Engineer,"Machine Learning Engineer with experience in Neo4j, Qdrant, LangChain.","NLP, GraphQL, Kubernetes, Python, Streamlit",Education Tech,1,"u0256, u0053, u0035",Austin
u0368,Michele Cook,Cornell,Meta,Data Scientist,"Data Scientist with experience in Qdrant, GPT-4, Vector DB.","Kubernetes, NLP, PyTorch, GraphQL, SQL",Generative AI,1,"u0385, u0039, u0026, u0336",Seattle
u0369,Christian Collins,Oxford,Salesforce,Backend Developer,"Backend Developer with experience in Vector DB, LangChain, Neo4j, LangGraph.","GraphQL, Streamlit, PyTorch",AI Ethics,5,"u0125, u0353, u0021, u0101, u0354",Toronto
u0370,Shannon Campbell,Stanford,Meta,AI Researcher,"AI Researcher with experience in FastAPI, LangGraph.","Scikit-learn, Docker, SQL, GraphQL","Healthcare AI, Education Tech",6,"u0345, u0340",London
u0371,Taylor Jackson,Cornell,Tesla,Frontend Developer,"Frontend Developer with experience in LLMs, GPT-4.","Docker, SQL, GraphQL, PyTorch",Open Source,6,"u0155, u0270, u0068, u0124, u0291",Toronto
u0372,Jessica Cole,Oxford,Meta,DevOps Engineer,"DevOps Engineer with experience in LangChain, FastAPI, Vector DB.","Python, SQL, Streamlit, Scikit-learn, GraphQL","Autonomous Agents, Education Tech",5,"u0045, u0110, u0290, u0133",San Francisco
u0373,April Kelly,Stanford,OpenAI,Machine Learning Engineer,"Machine Learning Engineer with experience in Qdrant, LLMs, Vector DB, Neo4j.","NLP, Python, Scikit-learn","AI Ethics, Healthcare AI",5,"u0390, u0124, u0063, u0169",London
u0374,Alicia Jones,Cornell,Amazon,Backend Developer,"Backend Developer with experience in Neo4j, Transformers.","Streamlit, TensorFlow, GraphQL, Docker, PyTorch",Healthcare AI,3,"u0150, u0122, u0104",Berlin
u0375,Keith Young,IIT Delhi,Nvidia,AI Researcher,"AI Researcher with experience in RAG, Vector DB.","Streamlit, SQL, Kubernetes, TensorFlow, Docker","Autonomous Agents, Healthcare AI",9,"u0052, u0177, u0163",Palo Alto
u0376,Stephen Arnold,Oxford,Tesla,AI Researcher,"AI Researcher with experience in Qdrant, Vector DB, LLMs.","NLP, Scikit-learn, Streamlit","Autonomous Agents, Open Source",5,"u0049, u0057, u0211, u0266",Boston
u0377,Matthew Ellis,Berkeley,Google,Software Engineer,"Software Engineer with experience in Neo4j, Vector DB, LangChain, Qdrant.","Streamlit, PyTorch, SQL, Scikit-learn, Docker","Education Tech, AI Ethics",9,"u0011, u0041, u0236, u0068",London
u0378,Joel Anderson,Cornell,Apple,AI Researcher,"AI Researcher with experience in LangGraph, RAG, Transformers.","Scikit-learn, Streamlit, PyTorch","Autonomous Agents, Healthcare AI",7,"u0359, u0211",San Francisco
u0379,John King,Stanford,Salesforce,NLP Scientist,"NLP Scientist with experience in Vector DB, LLMs, Qdrant.","GraphQL, NLP, Streamlit, PyTorch, Docker",Open Source,1,"u0331, u0184, u0115, u0122, u0242",Seattle
u0380,Diane Wolfe,Oxford,Apple,DevOps Engineer,"DevOps Engineer with experience in Neo4j, FastAPI.","NLP, Python, SQL",Generative AI,10,"u0384, u0340, u0284, u0156, u0226",Berlin
u0381,Jennifer Hopkins,Carnegie Mellon,Amazon,NLP Scientist,"NLP Scientist with experience in GPT-4, Vector DB, Transformers.","Scikit-learn, Kubernetes, GraphQL, PyTorch, Streamlit","Autonomous Agents, Generative AI",6,"u0174, u0337, u0044, u0367",Bangalore
u0382,Mark Swanson,Harvard,Meta,NLP Scientist,"NLP Scientist with experience in LangGraph, GPT-4, Neo4j, LangChain.","Kubernetes, GraphQL, Docker, NLP","Open Source, AI Ethics",4,"u0149, u0202, u0208",San Francisco
u0383,Sara Perkins,UCLA,Microsoft,AI Researcher,"AI Researcher with experience in LangChain, FastAPI, RAG.","TensorFlow, Kubernetes, PyTorch","Autonomous Agents, Generative AI",1,"u0210, u0048, u0276, u0035, u0163",Berlin
u0384,Joshua Williams,IIT Delhi,Google,Machine Learning Engineer,"Machine Learning Engineer with experience in GPT-4, Neo4j.","Scikit-learn, Python, GraphQL","Generative AI, Autonomous Agents",7,"u0059, u0100",London
u0385,Emily Hughes,Harvard,OpenAI,Prompt Engineer,"Prompt Engineer with experience in RAG, Qdrant, FastAPI.","TensorFlow, Scikit-learn, NLP, PyTorch","AI Ethics, Open Source",8,"u0117, u0217, u0120, u0163",Toronto
u0386,Kevin Harper,Harvard,OpenAI,DevOps Engineer,"DevOps Engineer with experience in LangGraph, LangChain, Qdrant, GPT-4.","NLP, Python, TensorFlow, Streamlit",Generative AI,1,"u0328, u0107, u0097, u0367, u0316",Seattle
u0387,Karen Lane,Carnegie Mellon,Google,Prompt Engineer,"Prompt Engineer with experience in GPT-4, FastAPI, Neo4j.","NLP, Kubernetes, Scikit-learn",AI Ethics,4,"u0039, u0322",San Francisco
u0388,Katherine Harris,Harvard,Meta,Cloud Architect,"Cloud Architect with experience in RAG, Transformers.","GraphQL, PyTorch, Scikit-learn, Docker",Generative AI,3,"u0013, u0157, u0346",San Francisco
u0389,Cynthia Reed,Harvard,Apple,Backend Developer,"Backend Developer with experience in Transformers, LLMs, LangGraph, GPT-4.","Streamlit, Scikit-learn, Kubernetes, TensorFlow","Generative AI, Education Tech",10,"u0189, u0133, u0399, u0001, u0136",San Francisco
u0390,Karen Todd,UCLA,Google,Prompt Engineer,"Prompt Engineer with experience in LLMs, FastAPI, LangChain, Vector DB.","Kubernetes, Python, GraphQL, Docker","Healthcare AI, AI Ethics",9,"u0031, u0179, u0011, u0161",London
u0391,Andre Hayes,UCLA,Microsoft,Frontend Developer,"Frontend Developer with experience in Neo4j, GPT-4, LangGraph, Qdrant.","Streamlit, TensorFlow, Kubernetes, Scikit-learn, GraphQL",Autonomous Agents,1,"u0293, u0375",Seattle
u0392,Tyler Miller,UCLA,Google,AI Researcher,"AI Researcher with experience in Neo4j, LangGraph, LangChain, Qdrant.","PyTorch, GraphQL, SQL",Autonomous Agents,2,"u0128, u0132, u0373, u0390",Palo Alto
u0393,Kristen Hawkins,Carnegie Mellon,Nvidia,NLP Scientist,"NLP Scientist with experience in LangGraph, Neo4j, Qdrant.","PyTorch, SQL, Scikit-learn, Streamlit, Python","Healthcare AI, AI Ethics",7,"u0242, u0195, u0124, u0068",Austin
u0394,Andrew Hughes MD,Cornell,Nvidia,Data Scientist,"Data Scientist with experience in RAG, FastAPI.","Kubernetes, SQL, Streamlit, Python",Autonomous Agents,4,"u0231, u0149, u0172, u0237",Bangalore
u0395,Thomas Hart,IIT Delhi,OpenAI,Machine Learning Engineer,"Machine Learning Engineer with experience in LangGraph, RAG, Transformers, GPT-4.","Python, Streamlit, Scikit-learn, SQL, PyTorch",Autonomous Agents,7,"u0341, u0167, u0268, u0045, u0091",Boston
u0396,Kurt Bowman,Harvard,IBM,Cloud Architect,"Cloud Architect with experience in GPT-4, RAG, LLMs.","Scikit-learn, Docker, Kubernetes, PyTorch, Python","Education Tech, Autonomous Agents",6,"u0265, u0118",San Francisco
u0397,Michael Camacho,Harvard,Microsoft,Software Engineer,"Software Engineer with experience in GPT-4, LLMs, FastAPI.","PyTorch, SQL, NLP, GraphQL","Generative AI, Education Tech",10,"u0195, u0233, u0161",New York
u0398,Robert Mendoza,Berkeley,OpenAI,Machine Learning Engineer,"Machine Learning Engineer with experience in Neo4j, LLMs.","Kubernetes, Streamlit, Docker, PyTorch, SQL","Autonomous Agents, Healthcare AI",9,"u0026, u0206, u0209, u0376",London
u0399,Kirk Nguyen,MIT,Apple,AI Researcher,"AI Researcher with experience in LLMs, Neo4j, LangGraph, RAG.","GraphQL, Kubernetes, Docker",Generative AI,3,"u0342, u0382, u0259, u0321, u0190",Boston
u0400,Peter Martin,MIT,Meta,Frontend Developer,"Frontend Developer with experience in LangGraph, Vector DB, Transformers.","Python, GraphQL, Scikit-learn",Healthcare AI,3,"u0266, u0138, u0312",Berlin
